STORM ID,LAT,LON,DIST2LAND,STORM SPEED,USA SSHS,DIR_SIN,DIR_COS,MONTH_SIN,MONTH_COS,HOUR_SIN,HOUR_COS,DOY_SIN,DOY_COS,ISO TIME
2025162N15114,15.7,114.2,524,11,-1,-0.342020143,0.939692621,1.22e-16,-1.0,-0.707106781,0.707106781,0.368762931,-0.92952348,6/10/2025 21:00
2025162N15114,16.2,113.9,463,13,-1,-0.766044443,0.64278761,1.22e-16,-1.0,0.0,1.0,0.352752087,-0.935716819,6/11/2025 0:00
2025162N15114,16.5,113.2,384,15,-1,-0.939692621,0.342020143,1.22e-16,-1.0,0.707106781,0.707106781,0.352752087,-0.935716819,6/11/2025 3:00
2025162N15114,16.7,112.4,308,13,-1,-0.996194698,0.087155743,1.22e-16,-1.0,1.0,6.12e-17,0.352752087,-0.935716819,6/11/2025 6:00
2025162N15114,16.7,111.9,274,9,-1,-0.965925826,-0.258819045,1.22e-16,-1.0,0.707106781,-0.707106781,0.352752087,-0.935716819,6/11/2025 9:00
2025162N15114,16.5,111.5,265,7,-1,-0.906307787,-0.422618262,1.22e-16,-1.0,1.22e-16,-1.0,0.352752087,-0.935716819,6/11/2025 12:00
2025162N15114,16.3,111.2,265,6,0,-0.939692621,-0.342020143,1.22e-16,-1.0,-0.707106781,-0.707106781,0.352752087,-0.935716819,6/11/2025 15:00
2025162N15114,16.3,110.9,246,6,0,-0.906307787,0.422618262,1.22e-16,-1.0,-1.0,-1.84e-16,0.352752087,-0.935716819,6/11/2025 18:00
2025162N15114,16.6,110.6,202,9,0,-0.64278761,0.766044443,1.22e-16,-1.0,-0.707106781,0.707106781,0.352752087,-0.935716819,6/11/2025 21:00
2025162N15114,17.0,110.3,148,7,0,-0.64278761,0.766044443,1.22e-16,-1.0,0.0,1.0,0.336637284,-0.941634398,6/12/2025 0:00
2025162N15114,17.1,110.1,130,4,0,-0.866025404,0.5,1.22e-16,-1.0,0.707106781,0.707106781,0.336637284,-0.941634398,6/12/2025 3:00
2025162N15114,17.2,109.9,113,6,0,-0.965925826,0.258819045,1.22e-16,-1.0,1.0,6.12e-17,0.336637284,-0.941634398,6/12/2025 6:00
2025162N15114,17.3,109.5,100,7,0,-0.965925826,0.258819045,1.22e-16,-1.0,0.707106781,-0.707106781,0.336637284,-0.941634398,6/12/2025 9:00
2025162N15114,17.4,109.2,94,5,0,-0.866025404,0.5,1.22e-16,-1.0,1.22e-16,-1.0,0.336637284,-0.941634398,6/12/2025 12:00
2025162N15114,17.5,109.1,89,4,0,-0.5,0.866025404,1.22e-16,-1.0,-0.707106781,-0.707106781,0.336637284,-0.941634398,6/12/2025 15:00
2025162N15114,17.7,109.0,76,6,0,-0.573576436,0.819152044,1.22e-16,-1.0,-1.0,-1.84e-16,0.336637284,-0.941634398,6/12/2025 18:00
2025162N15114,18.0,108.8,49,8,0,-0.64278761,0.766044443,1.22e-16,-1.0,-0.707106781,0.707106781,0.336637284,-0.941634398,6/12/2025 21:00
2025162N15114,18.3,108.5,30,7,0,-0.573576436,0.819152044,1.22e-16,-1.0,0.0,1.0,0.320423273,-0.947274472,6/13/2025 0:00
2025162N15114,18.5,108.4,31,4,0,-0.422618262,0.906307787,1.22e-16,-1.0,0.707106781,0.707106781,0.320423273,-0.947274472,6/13/2025 3:00
2025162N15114,18.7,108.3,42,2,0,-0.573576436,0.819152044,1.22e-16,-1.0,1.0,6.12e-17,0.320423273,-0.947274472,6/13/2025 6:00
2025174N23146,24.1,145.0,1301,10,-1,-0.573576436,0.819152044,1.22e-16,-1.0,-0.707106781,0.707106781,0.170829743,-0.985300563,6/22/2025 21:00
2025174N23146,24.6,144.7,1238,13,0,-0.5,0.866025404,1.22e-16,-1.0,0.0,1.0,0.153890577,-0.988087896,6/23/2025 0:00
2025174N23146,25.2,144.3,1161,15,0,-0.5,0.866025404,1.22e-16,-1.0,0.707106781,0.707106781,0.153890577,-0.988087896,6/23/2025 3:00
2025174N23146,25.9,143.9,1074,14,0,-0.5,0.866025404,1.22e-16,-1.0,1.0,6.12e-17,0.153890577,-0.988087896,6/23/2025 6:00
2025174N23146,26.4,143.5,1008,14,0,-0.573576436,0.819152044,1.22e-16,-1.0,0.707106781,-0.707106781,0.153890577,-0.988087896,6/23/2025 9:00
2025174N23146,27.0,143.0,929,16,0,-0.573576436,0.819152044,1.22e-16,-1.0,1.22e-16,-1.0,0.153890577,-0.988087896,6/23/2025 12:00
2025174N23146,27.7,142.5,840,17,0,-0.573576436,0.819152044,1.22e-16,-1.0,-0.707106781,-0.707106781,0.153890577,-0.988087896,6/23/2025 15:00
2025174N23146,28.4,141.9,749,15,0,-0.64278761,0.766044443,1.22e-16,-1.0,-1.0,-1.84e-16,0.153890577,-0.988087896,6/23/2025 18:00
2025174N23146,28.9,141.4,681,12,0,-0.64278761,0.766044443,1.22e-16,-1.0,-0.707106781,0.707106781,0.153890577,-0.988087896,6/23/2025 21:00
2025174N23146,29.3,141.0,626,10,0,-0.64278761,0.766044443,1.22e-16,-1.0,0.0,1.0,0.136906058,-0.990584035,6/24/2025 0:00
2025174N23146,29.7,140.7,574,9,0,-0.573576436,0.819152044,1.22e-16,-1.0,0.707106781,0.707106781,0.136906058,-0.990584035,6/24/2025 3:00
2025174N23146,30.0,140.4,534,7,0,-0.5,0.866025404,1.22e-16,-1.0,1.0,6.12e-17,0.136906058,-0.990584035,6/24/2025 6:00
2025174N23146,30.3,140.2,497,7,0,-0.422618262,0.906307787,1.22e-16,-1.0,0.707106781,-0.707106781,0.136906058,-0.990584035,6/24/2025 9:00
2025174N23146,30.6,140.1,462,7,0,-0.342020143,0.939692621,1.22e-16,-1.0,1.22e-16,-1.0,0.136906058,-0.990584035,6/24/2025 12:00
2025174N23146,30.9,139.9,425,7,-1,-0.342020143,0.939692621,1.22e-16,-1.0,-0.707106781,-0.707106781,0.136906058,-0.990584035,6/24/2025 15:00
2025174N23146,31.3,139.8,379,8,-1,-0.342020143,0.939692621,1.22e-16,-1.0,-1.0,-1.84e-16,0.136906058,-0.990584035,6/24/2025 18:00
2025174N23146,31.7,139.6,331,7,-1,-0.342020143,0.939692621,1.22e-16,-1.0,-0.707106781,0.707106781,0.136906058,-0.990584035,6/24/2025 21:00
2025174N23146,32.0,139.5,297,7,-1,-0.087155743,0.996194698,1.22e-16,-1.0,0.0,1.0,0.119881192,-0.992788245,6/25/2025 0:00
2025174N23146,32.3,139.5,264,7,-1,0.087155743,0.996194698,1.22e-16,-1.0,0.707106781,0.707106781,0.119881192,-0.992788245,6/25/2025 3:00
2025174N23146,32.7,139.6,224,9,-1,0.173648178,0.984807753,1.22e-16,-1.0,1.0,6.12e-17,0.119881192,-0.992788245,6/25/2025 6:00
2025183N24148,25.4,147.1,1264,9,-1,-0.64278761,0.766044443,-0.5,-0.866025404,0.707106781,0.707106781,1.22e-16,-1.0,7/2/2025 3:00
2025183N24148,25.7,146.8,1220,8,-1,-0.64278761,0.766044443,-0.5,-0.866025404,1.0,6.12e-17,1.22e-16,-1.0,7/2/2025 6:00
2025183N24148,26.0,146.6,1181,7,-1,-0.64278761,0.766044443,-0.5,-0.866025404,0.707106781,-0.707106781,1.22e-16,-1.0,7/2/2025 9:00
2025183N24148,26.2,146.3,1146,8,0,-0.707106781,0.707106781,-0.5,-0.866025404,1.22e-16,-1.0,1.22e-16,-1.0,7/2/2025 12:00
2025183N24148,26.5,145.9,1097,9,0,-0.707106781,0.707106781,-0.5,-0.866025404,-0.707106781,-0.707106781,1.22e-16,-1.0,7/2/2025 15:00
2025183N24148,26.8,145.6,1053,6,0,-0.766044443,0.64278761,-0.5,-0.866025404,-1.0,-1.84e-16,1.22e-16,-1.0,7/2/2025 18:00
2025183N24148,26.9,145.4,1034,3,0,-0.64278761,0.766044443,-0.5,-0.866025404,-0.707106781,0.707106781,1.22e-16,-1.0,7/2/2025 21:00
2025183N24148,27.0,145.4,1024,4,0,-0.173648178,0.984807753,-0.5,-0.866025404,0.0,1.0,-0.01716633,-0.999852648,7/3/2025 0:00
2025183N24148,27.3,145.4,995,6,0,0.0,1.0,-0.5,-0.866025404,0.707106781,0.707106781,-0.01716633,-0.999852648,7/3/2025 3:00
2025183N24148,27.6,145.4,966,7,0,0.173648178,0.984807753,-0.5,-0.866025404,1.0,6.12e-17,-0.01716633,-0.999852648,7/3/2025 6:00
2025183N24148,27.9,145.5,943,7,0,0.087155743,0.996194698,-0.5,-0.866025404,0.707106781,-0.707106781,-0.01716633,-0.999852648,7/3/2025 9:00
2025183N24148,28.3,145.5,906,7,0,-0.258819045,0.965925826,-0.5,-0.866025404,1.22e-16,-1.0,-0.01716633,-0.999852648,7/3/2025 12:00
2025183N24148,28.7,145.3,858,8,0,-0.5,0.866025404,-0.5,-0.866025404,-0.707106781,-0.707106781,-0.01716633,-0.999852648,7/3/2025 15:00
2025183N24148,29.0,145.0,814,8,0,-0.5,0.866025404,-0.5,-0.866025404,-1.0,-1.84e-16,-0.01716633,-0.999852648,7/3/2025 18:00
2025183N24148,29.3,144.9,781,6,0,-0.258819045,0.965925826,-0.5,-0.866025404,-0.707106781,0.707106781,-0.01716633,-0.999852648,7/3/2025 21:00
2025183N24148,29.6,144.8,748,6,0,-0.087155743,0.996194698,-0.5,-0.866025404,0.0,1.0,-0.034327601,-0.999410634,7/4/2025 0:00
2025183N24148,29.9,144.8,720,5,0,0.173648178,0.984807753,-0.5,-0.866025404,0.707106781,0.707106781,-0.034327601,-0.999410634,7/4/2025 3:00
2025183N24148,30.1,144.9,707,3,0,0.64278761,0.766044443,-0.5,-0.866025404,1.0,6.12e-17,-0.034327601,-0.999410634,7/4/2025 6:00
2025183N24148,30.1,145.1,718,4,0,0.965925826,0.258819045,-0.5,-0.866025404,0.707106781,-0.707106781,-0.034327601,-0.999410634,7/4/2025 9:00
2025183N24148,30.2,145.3,721,6,0,0.866025404,0.5,-0.5,-0.866025404,1.22e-16,-1.0,-0.034327601,-0.999410634,7/4/2025 12:00
2025183N24148,30.4,145.7,728,8,0,0.766044443,0.64278761,-0.5,-0.866025404,-0.707106781,-0.707106781,-0.034327601,-0.999410634,7/4/2025 15:00
2025183N24148,30.7,146.0,723,6,0,0.707106781,0.707106781,-0.5,-0.866025404,-1.0,-1.84e-16,-0.034327601,-0.999410634,7/4/2025 18:00
2025183N24148,30.9,146.1,714,4,0,0.64278761,0.766044443,-0.5,-0.866025404,-0.707106781,0.707106781,-0.034327601,-0.999410634,7/4/2025 21:00
2025183N24148,31.0,146.3,721,5,0,0.939692621,0.342020143,-0.5,-0.866025404,0.0,1.0,-0.051478755,-0.99867409,7/5/2025 0:00
2025183N24148,31.1,146.7,742,7,0,0.984807753,0.173648178,-0.5,-0.866025404,0.707106781,0.707106781,-0.051478755,-0.99867409,7/5/2025 3:00
2025183N24148,31.1,147.1,769,8,0,0.984807753,0.173648178,-0.5,-0.866025404,1.0,6.12e-17,-0.051478755,-0.99867409,7/5/2025 6:00
2025183N24148,31.2,147.6,797,8,0,0.965925826,0.258819045,-0.5,-0.866025404,0.707106781,-0.707106781,-0.051478755,-0.99867409,7/5/2025 9:00
2025183N24148,31.3,148.0,819,8,0,0.906307787,0.422618262,-0.5,-0.866025404,1.22e-16,-1.0,-0.051478755,-0.99867409,7/5/2025 12:00
2025183N24148,31.5,148.4,836,7,0,0.819152044,0.573576436,-0.5,-0.866025404,-0.707106781,-0.707106781,-0.051478755,-0.99867409,7/5/2025 15:00
2025183N24148,31.7,148.7,846,7,0,0.707106781,0.707106781,-0.5,-0.866025404,-1.0,-1.84e-16,-0.051478755,-0.99867409,7/5/2025 18:00
2025183N24148,31.9,148.9,850,6,0,0.573576436,0.819152044,-0.5,-0.866025404,-0.707106781,0.707106781,-0.051478755,-0.99867409,7/5/2025 21:00
2025183N24148,32.2,149.1,849,6,0,0.5,0.866025404,-0.5,-0.866025404,0.0,1.0,-0.068614738,-0.997643232,7/6/2025 0:00
2025183N24148,32.4,149.3,855,6,0,0.422618262,0.906307787,-0.5,-0.866025404,0.707106781,0.707106781,-0.068614738,-0.997643232,7/6/2025 3:00
2025183N24148,32.7,149.4,848,7,0,0.342020143,0.939692621,-0.5,-0.866025404,1.0,6.12e-17,-0.068614738,-0.997643232,7/6/2025 6:00
2025183N24148,33.1,149.5,838,8,0,0.173648178,0.984807753,-0.5,-0.866025404,0.707106781,-0.707106781,-0.068614738,-0.997643232,7/6/2025 9:00
2025183N24148,33.5,149.6,831,7,0,-0.087155743,0.996194698,-0.5,-0.866025404,1.22e-16,-1.0,-0.068614738,-0.997643232,7/6/2025 12:00
2025183N24148,33.8,149.5,811,7,0,-0.422618262,0.906307787,-0.5,-0.866025404,-0.707106781,-0.707106781,-0.068614738,-0.997643232,7/6/2025 15:00
2025183N24148,34.1,149.3,784,8,0,-0.422618262,0.906307787,-0.5,-0.866025404,-1.0,-1.84e-16,-0.068614738,-0.997643232,7/6/2025 18:00
2025183N24148,34.5,149.1,756,10,0,-0.342020143,0.939692621,-0.5,-0.866025404,-0.707106781,0.707106781,-0.068614738,-0.997643232,7/6/2025 21:00
2025183N24148,35.0,148.9,727,10,0,-0.422618262,0.906307787,-0.5,-0.866025404,0.0,1.0,-0.0857305,-0.996318363,7/7/2025 0:00
2025185N20119,20.0,118.1,317,7,-1,-0.258819045,0.965925826,-0.5,-0.866025404,0.707106781,-0.707106781,-0.034327601,-0.999410634,7/4/2025 9:00
2025185N20119,20.3,118.0,329,5,0,-0.819152044,0.573576436,-0.5,-0.866025404,1.22e-16,-1.0,-0.034327601,-0.999410634,7/4/2025 12:00
2025185N20119,20.2,117.7,326,6,0,-0.939692621,-0.342020143,-0.5,-0.866025404,-0.707106781,-0.707106781,-0.034327601,-0.999410634,7/4/2025 15:00
2025185N20119,20.1,117.4,326,3,0,-0.906307787,-0.422618262,-0.5,-0.866025404,-1.0,-1.84e-16,-0.034327601,-0.999410634,7/4/2025 18:00
2025185N20119,20.1,117.4,326,1,0,0.707106781,0.707106781,-0.5,-0.866025404,-0.707106781,0.707106781,-0.034327601,-0.999410634,7/4/2025 21:00
2025185N20119,20.2,117.5,319,4,0,0.819152044,0.573576436,-0.5,-0.866025404,0.0,1.0,-0.051478755,-0.99867409,7/5/2025 0:00
2025185N20119,20.3,117.7,316,5,0,0.766044443,0.64278761,-0.5,-0.866025404,0.707106781,0.707106781,-0.051478755,-0.99867409,7/5/2025 3:00
2025185N20119,20.5,117.9,304,4,0,0.64278761,0.766044443,-0.5,-0.866025404,1.0,6.12e-17,-0.051478755,-0.99867409,7/5/2025 6:00
2025185N20119,20.6,118.0,300,3,0,0.258819045,0.965925826,-0.5,-0.866025404,0.707106781,-0.707106781,-0.051478755,-0.99867409,7/5/2025 9:00
2025185N20119,20.8,118.0,281,3,0,0.258819045,0.965925826,-0.5,-0.866025404,1.22e-16,-1.0,-0.051478755,-0.99867409,7/5/2025 12:00
2025185N20119,20.9,118.0,271,3,0,0.258819045,0.965925826,-0.5,-0.866025404,-0.707106781,-0.707106781,-0.051478755,-0.99867409,7/5/2025 15:00
2025185N20119,21.1,118.1,260,4,1,0.258819045,0.965925826,-0.5,-0.866025404,-1.0,-1.84e-16,-0.051478755,-0.99867409,7/5/2025 18:00
2025185N20119,21.3,118.2,250,5,1,0.342020143,0.939692621,-0.5,-0.866025404,-0.707106781,0.707106781,-0.051478755,-0.99867409,7/5/2025 21:00
2025185N20119,21.6,118.3,229,6,1,0.5,0.866025404,-0.5,-0.866025404,0.0,1.0,-0.068614738,-0.997643232,7/6/2025 0:00
2025185N20119,21.9,118.5,197,8,1,0.64278761,0.766044443,-0.5,-0.866025404,0.707106781,0.707106781,-0.068614738,-0.997643232,7/6/2025 3:00
2025185N20119,22.2,118.8,157,9,1,0.64278761,0.766044443,-0.5,-0.866025404,1.0,6.12e-17,-0.068614738,-0.997643232,7/6/2025 6:00
2025185N20119,22.6,119.2,104,11,2,0.707106781,0.707106781,-0.5,-0.866025404,0.707106781,-0.707106781,-0.068614738,-0.997643232,7/6/2025 9:00
2025185N20119,23.0,119.6,52,11,2,0.707106781,0.707106781,-0.5,-0.866025404,1.22e-16,-1.0,-0.068614738,-0.997643232,7/6/2025 12:00
2025185N20119,23.3,120.0,15,12,1,0.707106781,0.707106781,-0.5,-0.866025404,-0.707106781,-0.707106781,-0.068614738,-0.997643232,7/6/2025 15:00
2025185N20119,23.8,120.5,0,16,1,0.573576436,0.819152044,-0.5,-0.866025404,-1.0,-1.84e-16,-0.068614738,-0.997643232,7/6/2025 18:00
2025185N20119,24.6,121.0,0,19,0,0.422618262,0.906307787,-0.5,-0.866025404,-0.707106781,0.707106781,-0.068614738,-0.997643232,7/6/2025 21:00
2025185N20119,25.5,121.4,33,17,0,0.258819045,0.965925826,-0.5,-0.866025404,0.0,1.0,-0.0857305,-0.996318363,7/7/2025 0:00
2025185N20119,26.3,121.5,122,13,0,0.087155743,0.996194698,-0.5,-0.866025404,0.707106781,0.707106781,-0.0857305,-0.996318363,7/7/2025 3:00
2025185N20119,26.8,121.5,108,7,0,0.087155743,0.996194698,-0.5,-0.866025404,1.0,6.12e-17,-0.0857305,-0.996318363,7/7/2025 6:00
2025185N20119,27.0,121.6,104,4,0,0.5,0.866025404,-0.5,-0.866025404,0.707106781,-0.707106781,-0.0857305,-0.996318363,7/7/2025 9:00
2025185N20119,27.1,121.7,108,6,0,0.573576436,0.819152044,-0.5,-0.866025404,1.22e-16,-1.0,-0.0857305,-0.996318363,7/7/2025 12:00
2025185N20119,27.5,122.0,96,8,0,0.5,0.866025404,-0.5,-0.866025404,-0.707106781,-0.707106781,-0.0857305,-0.996318363,7/7/2025 15:00
2025185N20119,27.8,122.2,81,7,0,0.5,0.866025404,-0.5,-0.866025404,-1.0,-1.84e-16,-0.0857305,-0.996318363,7/7/2025 18:00
2025192N25140,25.0,140.1,1025,2,-1,0.866025404,0.5,-0.5,-0.866025404,0.707106781,-0.707106781,-0.153890577,-0.988087896,7/11/2025 9:00
2025192N25140,25.1,140.2,1019,1,-1,0.0,1.0,-0.5,-0.866025404,1.22e-16,-1.0,-0.153890577,-0.988087896,7/11/2025 12:00
2025192N25140,25.2,140.1,1005,2,-1,-0.866025404,0.5,-0.5,-0.866025404,-0.707106781,-0.707106781,-0.153890577,-0.988087896,7/11/2025 15:00
2025192N25140,25.2,140.0,1001,1,0,0.766044443,0.64278761,-0.5,-0.866025404,-1.0,-1.84e-16,-0.153890577,-0.988087896,7/11/2025 18:00
2025192N25140,25.2,140.2,1009,5,0,1.0,6.12e-17,-0.5,-0.866025404,-0.707106781,0.707106781,-0.153890577,-0.988087896,7/11/2025 21:00
2025192N25140,25.2,140.5,1021,7,0,0.939692621,-0.342020143,-0.5,-0.866025404,0.0,1.0,-0.170829743,-0.985300563,7/12/2025 0:00
2025192N25140,25.0,140.9,1059,8,0,0.866025404,-0.5,-0.5,-0.866025404,0.707106781,0.707106781,-0.170829743,-0.985300563,7/12/2025 3:00
2025192N25140,24.8,141.3,1097,5,0,0.939692621,-0.342020143,-0.5,-0.866025404,1.0,6.12e-17,-0.170829743,-0.985300563,7/12/2025 6:00
2025192N25140,24.8,141.5,1107,3,0,0.939692621,0.342020143,-0.5,-0.866025404,0.707106781,-0.707106781,-0.170829743,-0.985300563,7/12/2025 9:00
2025192N25140,24.9,141.6,1102,5,0,0.939692621,0.342020143,-0.5,-0.866025404,1.22e-16,-1.0,-0.170829743,-0.985300563,7/12/2025 12:00
2025192N25140,25.0,142.0,1113,7,0,0.906307787,0.422618262,-0.5,-0.866025404,-0.707106781,-0.707106781,-0.170829743,-0.985300563,7/12/2025 15:00
2025192N25140,25.2,142.3,1101,9,0,0.422618262,0.906307787,-0.5,-0.866025404,-1.0,-1.84e-16,-0.170829743,-0.985300563,7/12/2025 18:00
2025192N25140,25.8,142.4,1040,13,0,0.173648178,0.984807753,-0.5,-0.866025404,-0.707106781,0.707106781,-0.170829743,-0.985300563,7/12/2025 21:00
2025192N25140,26.5,142.5,969,12,0,0.258819045,0.965925826,-0.5,-0.866025404,0.0,1.0,-0.187718565,-0.982222857,7/13/2025 0:00
2025192N25140,27.0,142.7,920,12,0,0.342020143,0.939692621,-0.5,-0.866025404,0.707106781,0.707106781,-0.187718565,-0.982222857,7/13/2025 3:00
2025192N25140,27.6,143.0,865,19,0,0.173648178,0.984807753,-0.5,-0.866025404,1.0,6.12e-17,-0.187718565,-0.982222857,7/13/2025 6:00
2025192N25140,28.8,143.2,748,26,0,0.087155743,0.996194698,-0.5,-0.866025404,0.707106781,-0.707106781,-0.187718565,-0.982222857,7/13/2025 9:00
2025192N25140,30.2,143.3,613,24,0,0.0,1.0,-0.5,-0.866025404,1.22e-16,-1.0,-0.187718565,-0.982222857,7/13/2025 12:00
2025192N25140,31.2,143.3,519,19,0,-0.087155743,0.996194698,-0.5,-0.866025404,-0.707106781,-0.707106781,-0.187718565,-0.982222857,7/13/2025 15:00
2025192N25140,32.1,143.1,426,19,0,-0.258819045,0.965925826,-0.5,-0.866025404,-1.0,-1.84e-16,-0.187718565,-0.982222857,7/13/2025 18:00
2025200N19123,20.0,120.2,168,10,0,-0.939692621,0.342020143,-0.5,-0.866025404,-0.707106781,0.707106781,-0.271233911,-0.962513463,7/18/2025 21:00
2025200N19123,20.1,119.8,197,9,0,-0.939692621,0.342020143,-0.5,-0.866025404,0.0,1.0,-0.287716767,-0.957715543,7/19/2025 0:00
2025200N19123,20.3,119.4,224,9,0,-0.906307787,0.422618262,-0.5,-0.866025404,0.707106781,0.707106781,-0.287716767,-0.957715543,7/19/2025 3:00
2025200N19123,20.5,118.9,243,10,0,-0.906307787,0.422618262,-0.5,-0.866025404,1.0,6.12e-17,-0.287716767,-0.957715543,7/19/2025 6:00
2025200N19123,20.7,118.4,273,12,0,-0.906307787,0.422618262,-0.5,-0.866025404,0.707106781,-0.707106781,-0.287716767,-0.957715543,7/19/2025 9:00
2025200N19123,21.0,117.7,245,15,0,-0.939692621,0.342020143,-0.5,-0.866025404,1.22e-16,-1.0,-0.287716767,-0.957715543,7/19/2025 12:00
2025200N19123,21.3,116.9,183,17,0,-0.939692621,0.342020143,-0.5,-0.866025404,-0.707106781,-0.707106781,-0.287716767,-0.957715543,7/19/2025 15:00
2025200N19123,21.5,116.0,135,15,0,-0.984807753,0.173648178,-0.5,-0.866025404,-1.0,-1.84e-16,-0.287716767,-0.957715543,7/19/2025 18:00
2025200N19123,21.6,115.3,108,13,0,-0.996194698,0.087155743,-0.5,-0.866025404,-0.707106781,0.707106781,-0.287716767,-0.957715543,7/19/2025 21:00
2025200N19123,21.6,114.6,84,13,1,-0.996194698,0.087155743,-0.5,-0.866025404,0.0,1.0,-0.304114832,-0.952635381,7/20/2025 0:00
2025200N19123,21.7,113.9,69,13,1,-0.984807753,0.173648178,-0.5,-0.866025404,0.707106781,0.707106781,-0.304114832,-0.952635381,7/20/2025 3:00
2025200N19123,21.8,113.2,23,14,1,-1.0,-1.84e-16,-0.5,-0.866025404,1.0,6.12e-17,-0.304114832,-0.952635381,7/20/2025 6:00
2025200N19123,21.8,112.4,0,14,0,-0.996194698,-0.087155743,-0.5,-0.866025404,0.707106781,-0.707106781,-0.304114832,-0.952635381,7/20/2025 9:00
2025200N19123,21.7,111.7,0,11,0,-0.996194698,-0.087155743,-0.5,-0.866025404,1.22e-16,-1.0,-0.304114832,-0.952635381,7/20/2025 12:00
2025200N19123,21.6,111.2,0,8,0,-0.996194698,-0.087155743,-0.5,-0.866025404,-0.707106781,-0.707106781,-0.304114832,-0.952635381,7/20/2025 15:00
2025200N19123,21.6,110.8,0,11,0,-0.996194698,-0.087155743,-0.5,-0.866025404,-1.0,-1.84e-16,-0.304114832,-0.952635381,7/20/2025 18:00
2025200N19123,21.6,110.1,0,13,0,-0.996194698,-0.087155743,-0.5,-0.866025404,-0.707106781,0.707106781,-0.304114832,-0.952635381,7/20/2025 21:00
2025200N19123,21.5,109.4,0,9,0,-0.984807753,-0.173648178,-0.5,-0.866025404,0.0,1.0,-0.320423273,-0.947274472,7/21/2025 0:00
2025200N19123,21.4,109.1,10,4,0,-0.866025404,-0.5,-0.5,-0.866025404,0.707106781,0.707106781,-0.320423273,-0.947274472,7/21/2025 3:00
2025200N19123,21.3,109.0,23,5,0,-0.906307787,-0.422618262,-0.5,-0.866025404,1.0,6.12e-17,-0.320423273,-0.947274472,7/21/2025 6:00
2025200N19123,21.2,108.7,44,7,0,-0.965925826,-0.258819045,-0.5,-0.866025404,0.707106781,-0.707106781,-0.320423273,-0.947274472,7/21/2025 9:00
2025200N19123,21.1,108.3,45,7,0,-0.939692621,-0.342020143,-0.5,-0.866025404,1.22e-16,-1.0,-0.320423273,-0.947274472,7/21/2025 12:00
2025203N18133,19.8,131.2,948,8,-1,-0.939692621,0.342020143,-0.5,-0.866025404,-0.707106781,-0.707106781,-0.336637284,-0.941634398,7/22/2025 15:00
2025203N18133,19.9,130.8,908,10,-1,-0.866025404,0.5,-0.5,-0.866025404,-1.0,-1.84e-16,-0.336637284,-0.941634398,7/22/2025 18:00
2025203N18133,20.3,130.3,865,12,-1,-0.707106781,0.707106781,-0.5,-0.866025404,-0.707106781,0.707106781,-0.336637284,-0.941634398,7/22/2025 21:00
2025203N18133,20.8,129.9,840,12,0,-0.342020143,0.939692621,-0.5,-0.866025404,0.0,1.0,-0.352752087,-0.935716819,7/23/2025 0:00
2025203N18133,21.4,129.9,862,11,0,0.0,1.0,-0.5,-0.866025404,0.707106781,0.707106781,-0.352752087,-0.935716819,7/23/2025 3:00
2025203N18133,21.9,129.9,867,6,0,-0.342020143,0.939692621,-0.5,-0.866025404,1.0,6.12e-17,-0.352752087,-0.935716819,7/23/2025 6:00
2025203N18133,21.9,129.7,847,6,0,-0.984807753,0.173648178,-0.5,-0.866025404,0.707106781,-0.707106781,-0.352752087,-0.935716819,7/23/2025 9:00
2025203N18133,22.0,129.3,805,10,0,-0.866025404,0.5,-0.5,-0.866025404,1.22e-16,-1.0,-0.352752087,-0.935716819,7/23/2025 12:00
2025203N18133,22.5,128.7,728,15,0,-0.707106781,0.707106781,-0.5,-0.866025404,-0.707106781,-0.707106781,-0.352752087,-0.935716819,7/23/2025 15:00
2025203N18133,23.1,128.2,659,13,0,-0.5,0.866025404,-0.5,-0.866025404,-1.0,-1.84e-16,-0.352752087,-0.935716819,7/23/2025 18:00
2025203N18133,23.6,128.0,627,9,0,-0.173648178,0.984807753,-0.5,-0.866025404,-0.707106781,0.707106781,-0.352752087,-0.935716819,7/23/2025 21:00
2025203N18133,24.0,128.0,616,9,0,-0.087155743,0.996194698,-0.5,-0.866025404,0.0,1.0,-0.368762931,-0.92952348,7/24/2025 0:00
2025203N18133,24.4,128.0,609,9,0,-0.087155743,0.996194698,-0.5,-0.866025404,0.707106781,0.707106781,-0.368762931,-0.92952348,7/24/2025 3:00
2025203N18133,24.9,127.9,594,10,0,-0.258819045,0.965925826,-0.5,-0.866025404,1.0,6.12e-17,-0.368762931,-0.92952348,7/24/2025 6:00
2025203N18133,25.4,127.7,574,13,0,-0.5,0.866025404,-0.5,-0.866025404,0.707106781,-0.707106781,-0.368762931,-0.92952348,7/24/2025 9:00
2025203N18133,26.0,127.2,533,18,0,-0.819152044,0.573576436,-0.5,-0.866025404,1.22e-16,-1.0,-0.368762931,-0.92952348,7/24/2025 12:00
2025203N18133,26.6,126.1,447,22,0,-0.906307787,0.422618262,-0.5,-0.866025404,-0.707106781,-0.707106781,-0.368762931,-0.92952348,7/24/2025 15:00
2025203N18133,26.9,124.9,359,17,0,-0.984807753,0.173648178,-0.5,-0.866025404,-1.0,-1.84e-16,-0.368762931,-0.92952348,7/24/2025 18:00
2025203N18133,26.9,124.2,299,11,0,-0.984807753,-0.173648178,-0.5,-0.866025404,-0.707106781,0.707106781,-0.368762931,-0.92952348,7/24/2025 21:00
2025203N18133,26.7,123.7,254,10,0,-0.965925826,-0.258819045,-0.5,-0.866025404,0.0,1.0,-0.3846651,-0.923056207,7/25/2025 0:00
2025203N18133,26.6,123.1,209,10,-1,-0.984807753,-0.173648178,-0.5,-0.866025404,0.707106781,0.707106781,-0.3846651,-0.923056207,7/25/2025 3:00
2025203N18133,26.5,122.6,176,9,-1,-0.965925826,-0.258819045,-0.5,-0.866025404,1.0,6.12e-17,-0.3846651,-0.923056207,7/25/2025 6:00
2025203N18133,26.3,122.1,132,9,-1,-0.939692621,-0.342020143,-0.5,-0.866025404,0.707106781,-0.707106781,-0.3846651,-0.923056207,7/25/2025 9:00
2025203N18133,26.2,121.7,112,8,-1,-0.984807753,-0.173648178,-0.5,-0.866025404,1.22e-16,-1.0,-0.3846651,-0.923056207,7/25/2025 12:00
2025203N18133,26.2,121.3,112,6,-1,-0.984807753,0.173648178,-0.5,-0.866025404,-0.707106781,-0.707106781,-0.3846651,-0.923056207,7/25/2025 15:00
2025203N18133,26.3,121.0,95,4,-1,-0.766044443,0.64278761,-0.5,-0.866025404,-1.0,-1.84e-16,-0.3846651,-0.923056207,7/25/2025 18:00
2025203N18133,26.4,120.9,82,3,-1,-0.258819045,0.965925826,-0.5,-0.866025404,-0.707106781,0.707106781,-0.3846651,-0.923056207,7/25/2025 21:00
2025203N18133,26.6,120.9,74,4,-1,-0.819152044,0.573576436,-0.5,-0.866025404,0.0,1.0,-0.400453906,-0.916316904,7/26/2025 0:00
2025203N18133,26.7,120.6,44,6,-1,-0.984807753,0.173648178,-0.5,-0.866025404,0.707106781,0.707106781,-0.400453906,-0.916316904,7/26/2025 3:00
2025203N18133,26.7,120.2,9,6,-1,-1.0,-1.84e-16,-0.5,-0.866025404,1.0,6.12e-17,-0.400453906,-0.916316904,7/26/2025 6:00
2025204N19121,17.9,119.2,121,8,0,-1.0,-1.84e-16,-0.5,-0.866025404,0.707106781,-0.707106781,-0.352752087,-0.935716819,7/23/2025 9:00
2025204N19121,17.9,118.8,162,10,0,-0.866025404,-0.5,-0.5,-0.866025404,1.22e-16,-1.0,-0.352752087,-0.935716819,7/23/2025 12:00
2025204N19121,17.5,118.3,208,13,0,-0.573576436,-0.819152044,-0.5,-0.866025404,-0.707106781,-0.707106781,-0.352752087,-0.935716819,7/23/2025 15:00
2025204N19121,16.9,118.0,203,10,0,-0.087155743,-0.996194698,-0.5,-0.866025404,-1.0,-1.84e-16,-0.352752087,-0.935716819,7/23/2025 18:00
2025204N19121,16.5,118.2,169,9,1,0.64278761,-0.766044443,-0.5,-0.866025404,-0.707106781,0.707106781,-0.352752087,-0.935716819,7/23/2025 21:00
2025204N19121,16.2,118.6,119,9,1,0.819152044,-0.573576436,-0.5,-0.866025404,0.0,1.0,-0.368762931,-0.92952348,7/24/2025 0:00
2025204N19121,16.0,119.0,74,7,1,0.906307787,-0.422618262,-0.5,-0.866025404,0.707106781,0.707106781,-0.368762931,-0.92952348,7/24/2025 3:00
2025204N19121,15.9,119.3,44,4,1,0.996194698,-0.087155743,-0.5,-0.866025404,1.0,6.12e-17,-0.368762931,-0.92952348,7/24/2025 6:00
2025204N19121,15.9,119.4,33,3,1,0.707106781,0.707106781,-0.5,-0.866025404,0.707106781,-0.707106781,-0.368762931,-0.92952348,7/24/2025 9:00
2025204N19121,16.1,119.5,24,6,1,0.707106781,0.707106781,-0.5,-0.866025404,1.22e-16,-1.0,-0.368762931,-0.92952348,7/24/2025 12:00
2025204N19121,16.4,119.8,11,9,0,0.766044443,0.64278761,-0.5,-0.866025404,-0.707106781,-0.707106781,-0.368762931,-0.92952348,7/24/2025 15:00
2025204N19121,16.7,120.2,15,9,0,0.819152044,0.573576436,-0.5,-0.866025404,-1.0,-1.84e-16,-0.368762931,-0.92952348,7/24/2025 18:00
2025204N19121,16.9,120.5,0,8,0,0.707106781,0.707106781,-0.5,-0.866025404,-0.707106781,0.707106781,-0.368762931,-0.92952348,7/24/2025 21:00
2025204N19121,17.3,120.8,0,13,0,0.087155743,0.996194698,-0.5,-0.866025404,0.0,1.0,-0.3846651,-0.923056207,7/25/2025 0:00
2025204N19121,18.1,120.7,0,20,0,0.087155743,0.996194698,-0.5,-0.866025404,0.707106781,0.707106781,-0.3846651,-0.923056207,7/25/2025 3:00
2025204N19121,19.3,120.9,78,29,0,0.422618262,0.906307787,-0.5,-0.866025404,1.0,6.12e-17,-0.3846651,-0.923056207,7/25/2025 6:00
2025204N19121,20.7,122.1,182,36,0,0.64278761,0.766044443,-0.5,-0.866025404,0.707106781,-0.707106781,-0.3846651,-0.923056207,7/25/2025 9:00
2025204N19121,22.0,123.5,248,30,0,0.707106781,0.707106781,-0.5,-0.866025404,1.22e-16,-1.0,-0.3846651,-0.923056207,7/25/2025 12:00
2025204N19121,22.9,124.3,297,21,-1,0.64278761,0.766044443,-0.5,-0.866025404,-0.707106781,-0.707106781,-0.3846651,-0.923056207,7/25/2025 15:00
2025204N19121,23.6,124.9,320,19,-1,0.5,0.866025404,-0.5,-0.866025404,-1.0,-1.84e-16,-0.3846651,-0.923056207,7/25/2025 18:00
2025204N19121,24.5,125.3,337,19,-1,0.422618262,0.906307787,-0.5,-0.866025404,-0.707106781,0.707106781,-0.3846651,-0.923056207,7/25/2025 21:00
2025204N19121,25.3,125.7,373,16,-1,0.5,0.866025404,-0.5,-0.866025404,0.0,1.0,-0.400453906,-0.916316904,7/26/2025 0:00
2025204N19121,25.9,126.1,423,12,-1,0.573576436,0.819152044,-0.5,-0.866025404,0.707106781,0.707106781,-0.400453906,-0.916316904,7/26/2025 3:00
2025204N19121,26.3,126.5,473,9,-1,0.422618262,0.906307787,-0.5,-0.866025404,1.0,6.12e-17,-0.400453906,-0.916316904,7/26/2025 6:00
2025204N19121,26.7,126.6,497,6,-1,0.258819045,0.965925826,-0.5,-0.866025404,0.707106781,-0.707106781,-0.400453906,-0.916316904,7/26/2025 9:00
2025204N19121,26.9,126.7,515,4,-1,0.866025404,0.5,-0.5,-0.866025404,1.22e-16,-1.0,-0.400453906,-0.916316904,7/26/2025 12:00
2025204N19121,26.9,127.0,542,6,-1,0.984807753,-0.173648178,-0.5,-0.866025404,-0.707106781,-0.707106781,-0.400453906,-0.916316904,7/26/2025 15:00
2025204N19121,26.8,127.4,561,5,-1,0.906307787,-0.422618262,-0.5,-0.866025404,-1.0,-1.84e-16,-0.400453906,-0.916316904,7/26/2025 18:00
2025204N19121,26.7,127.5,566,4,-1,0.866025404,-0.5,-0.5,-0.866025404,-0.707106781,0.707106781,-0.400453906,-0.916316904,7/26/2025 21:00
2025204N19121,26.6,127.8,563,10,-1,0.996194698,-0.087155743,-0.5,-0.866025404,0.0,1.0,-0.416124696,-0.909307559,7/27/2025 0:00
2025204N19121,26.6,128.6,531,15,-1,1.0,6.12e-17,-0.5,-0.866025404,0.707106781,0.707106781,-0.416124696,-0.909307559,7/27/2025 3:00
2025204N19121,26.6,129.5,504,14,-1,0.984807753,-0.173648178,-0.5,-0.866025404,1.0,6.12e-17,-0.416124696,-0.909307559,7/27/2025 6:00
2025204N19121,26.4,130.2,515,9,0,0.906307787,-0.422618262,-0.5,-0.866025404,0.707106781,-0.707106781,-0.416124696,-0.909307559,7/27/2025 9:00
2025204N19121,26.2,130.4,536,4,0,-0.996194698,-0.087155743,-0.5,-0.866025404,1.22e-16,-1.0,-0.416124696,-0.909307559,7/27/2025 12:00
2025204N19121,26.3,129.7,533,15,0,-0.984807753,0.173648178,-0.5,-0.866025404,-0.707106781,-0.707106781,-0.416124696,-0.909307559,7/27/2025 15:00
2025204N19121,26.5,128.8,535,14,0,-0.996194698,0.087155743,-0.5,-0.866025404,-1.0,-1.84e-16,-0.416124696,-0.909307559,7/27/2025 18:00
2025204N19121,26.4,128.2,568,8,0,-0.965925826,-0.258819045,-0.5,-0.866025404,-0.707106781,0.707106781,-0.416124696,-0.909307559,7/27/2025 21:00
2025204N19121,26.3,127.9,591,1,0,-0.996194698,-0.087155743,-0.5,-0.866025404,0.0,1.0,-0.431672852,-0.902030237,7/28/2025 0:00
2025204N19121,26.4,128.1,572,5,0,0.766044443,0.64278761,-0.5,-0.866025404,0.707106781,0.707106781,-0.431672852,-0.902030237,7/28/2025 3:00
2025204N19121,26.6,128.3,543,5,0,-0.173648178,0.984807753,-0.5,-0.866025404,1.0,6.12e-17,-0.431672852,-0.902030237,7/28/2025 6:00
2025204N19121,26.9,128.0,525,10,-1,-0.819152044,0.573576436,-0.5,-0.866025404,0.707106781,-0.707106781,-0.431672852,-0.902030237,7/28/2025 9:00
2025204N19121,27.2,127.4,522,14,-1,-0.984807753,0.173648178,-0.5,-0.866025404,1.22e-16,-1.0,-0.431672852,-0.902030237,7/28/2025 12:00
2025204N19121,27.2,126.4,485,17,-1,-1.0,-1.84e-16,-0.5,-0.866025404,-0.707106781,-0.707106781,-0.431672852,-0.902030237,7/28/2025 15:00
2025204N19121,27.2,125.5,402,14,-1,-1.0,-1.84e-16,-0.5,-0.866025404,-1.0,-1.84e-16,-0.431672852,-0.902030237,7/28/2025 18:00
2025204N19121,27.3,124.8,333,10,0,-0.965925826,0.258819045,-0.5,-0.866025404,-0.707106781,0.707106781,-0.431672852,-0.902030237,7/28/2025 21:00
2025204N19121,27.5,124.4,288,7,0,-0.707106781,0.707106781,-0.5,-0.866025404,0.0,1.0,-0.447093793,-0.894487082,7/29/2025 0:00
2025204N19121,27.8,124.2,260,7,0,-0.422618262,0.906307787,-0.5,-0.866025404,0.707106781,0.707106781,-0.447093793,-0.894487082,7/29/2025 3:00
2025204N19121,28.1,124.1,238,7,0,-0.573576436,0.819152044,-0.5,-0.866025404,1.0,6.12e-17,-0.447093793,-0.894487082,7/29/2025 6:00
2025204N19121,28.3,123.8,202,8,0,-0.766044443,0.64278761,-0.5,-0.866025404,0.707106781,-0.707106781,-0.447093793,-0.894487082,7/29/2025 9:00
2025204N19121,28.6,123.4,151,8,0,-0.707106781,0.707106781,-0.5,-0.866025404,1.22e-16,-1.0,-0.447093793,-0.894487082,7/29/2025 12:00
2025204N19121,28.9,123.1,111,8,0,-0.5,0.866025404,-0.5,-0.866025404,-0.707106781,-0.707106781,-0.447093793,-0.894487082,7/29/2025 15:00
2025204N19121,29.3,122.9,87,9,0,-0.573576436,0.819152044,-0.5,-0.866025404,-1.0,-1.84e-16,-0.447093793,-0.894487082,7/29/2025 18:00
2025204N19121,29.7,122.6,68,9,0,-0.573576436,0.819152044,-0.5,-0.866025404,-0.707106781,0.707106781,-0.447093793,-0.894487082,7/29/2025 21:00
2025204N19121,30.0,122.3,44,9,0,-0.573576436,0.819152044,-0.5,-0.866025404,0.0,1.0,-0.462382973,-0.886680318,7/30/2025 0:00
2025204N19121,30.4,122.0,52,8,0,-0.5,0.866025404,-0.5,-0.866025404,0.707106781,0.707106781,-0.462382973,-0.886680318,7/30/2025 3:00
2025204N19121,30.7,121.8,22,7,0,-0.5,0.866025404,-0.5,-0.866025404,1.0,6.12e-17,-0.462382973,-0.886680318,7/30/2025 6:00
2025204N19121,31.0,121.6,0,6,0,-0.573576436,0.819152044,-0.5,-0.866025404,0.707106781,-0.707106781,-0.462382973,-0.886680318,7/30/2025 9:00
2025204N19121,31.2,121.4,0,6,0,-0.939692621,0.342020143,-0.5,-0.866025404,1.22e-16,-1.0,-0.462382973,-0.886680318,7/30/2025 12:00
2025204N19121,31.2,120.9,0,9,-1,-1.0,-1.84e-16,-0.5,-0.866025404,-0.707106781,-0.707106781,-0.462382973,-0.886680318,7/30/2025 15:00
2025204N19121,31.2,120.4,0,8,-1,-0.996194698,0.087155743,-0.5,-0.866025404,-1.0,-1.84e-16,-0.462382973,-0.886680318,7/30/2025 18:00
2025204N19121,31.3,120.0,0,7,-1,-0.906307787,0.422618262,-0.5,-0.866025404,-0.707106781,0.707106781,-0.462382973,-0.886680318,7/30/2025 21:00
2025204N19121,31.5,119.6,0,9,-1,-0.766044443,0.64278761,-0.5,-0.866025404,0.0,1.0,-0.477535886,-0.878612245,7/31/2025 0:00
2025204N19121,31.9,119.2,0,10,-1,-0.707106781,0.707106781,-0.5,-0.866025404,0.707106781,0.707106781,-0.477535886,-0.878612245,7/31/2025 3:00
2025204N19121,32.2,118.8,0,9,-1,-0.906307787,0.422618262,-0.5,-0.866025404,1.0,6.12e-17,-0.477535886,-0.878612245,7/31/2025 6:00
2025204N19121,32.2,118.2,0,9,-1,-0.996194698,-0.087155743,-0.5,-0.866025404,0.707106781,-0.707106781,-0.477535886,-0.878612245,7/31/2025 9:00
2025204N19121,32.1,117.8,0,5,-1,-0.819152044,-0.573576436,-0.5,-0.866025404,1.22e-16,-1.0,-0.477535886,-0.878612245,7/31/2025 12:00
2025204N19121,31.9,117.7,0,3,-1,0.0,1.0,-0.5,-0.866025404,-0.707106781,-0.707106781,-0.477535886,-0.878612245,7/31/2025 15:00
2025204N19121,31.8,117.8,0,2,-1,-0.087155743,-0.996194698,-0.5,-0.866025404,-1.0,-1.84e-16,-0.477535886,-0.878612245,7/31/2025 18:00
2025205N13144,14.3,143.7,1864,18,-1,-0.258819045,0.965925826,-0.5,-0.866025404,0.707106781,0.707106781,-0.368762931,-0.92952348,7/24/2025 3:00
2025205N13144,15.2,143.5,1967,16,-1,-0.087155743,0.996194698,-0.5,-0.866025404,1.0,6.12e-17,-0.368762931,-0.92952348,7/24/2025 6:00
2025205N13144,15.8,143.5,1983,10,-1,0.0,1.0,-0.5,-0.866025404,0.707106781,-0.707106781,-0.368762931,-0.92952348,7/24/2025 9:00
2025205N13144,16.2,143.5,1991,4,-1,-0.342020143,0.939692621,-0.5,-0.866025404,1.22e-16,-1.0,-0.368762931,-0.92952348,7/24/2025 12:00
2025205N13144,16.2,143.3,1970,3,-1,-1.0,-1.84e-16,-0.5,-0.866025404,-0.707106781,-0.707106781,-0.368762931,-0.92952348,7/24/2025 15:00
2025205N13144,16.2,143.2,1959,3,0,-0.173648178,0.984807753,-0.5,-0.866025404,-1.0,-1.84e-16,-0.368762931,-0.92952348,7/24/2025 18:00
2025205N13144,16.5,143.3,1976,7,0,0.258819045,0.965925826,-0.5,-0.866025404,-0.707106781,0.707106781,-0.368762931,-0.92952348,7/24/2025 21:00
2025205N13144,16.9,143.4,1993,6,0,0.087155743,0.996194698,-0.5,-0.866025404,0.0,1.0,-0.3846651,-0.923056207,7/25/2025 0:00
2025205N13144,17.1,143.3,1969,4,0,-0.258819045,0.965925826,-0.5,-0.866025404,0.707106781,0.707106781,-0.3846651,-0.923056207,7/25/2025 3:00
2025205N13144,17.3,143.3,1948,5,0,0.342020143,0.939692621,-0.5,-0.866025404,1.0,6.12e-17,-0.3846651,-0.923056207,7/25/2025 6:00
2025205N13144,17.6,143.5,1924,6,0,0.573576436,0.819152044,-0.5,-0.866025404,0.707106781,-0.707106781,-0.3846651,-0.923056207,7/25/2025 9:00
2025205N13144,17.8,143.7,1912,2,0,0.258819045,0.965925826,-0.5,-0.866025404,1.22e-16,-1.0,-0.3846651,-0.923056207,7/25/2025 12:00
2025205N13144,17.8,143.6,1908,3,0,-0.939692621,-0.342020143,-0.5,-0.866025404,-0.707106781,-0.707106781,-0.3846651,-0.923056207,7/25/2025 15:00
2025205N13144,17.7,143.4,1910,1,0,-0.766044443,-0.64278761,-0.5,-0.866025404,-1.0,-1.84e-16,-0.3846651,-0.923056207,7/25/2025 18:00
2025205N13144,17.7,143.5,1914,3,0,0.939692621,0.342020143,-0.5,-0.866025404,-0.707106781,0.707106781,-0.3846651,-0.923056207,7/25/2025 21:00
2025205N13144,17.8,143.7,1912,4,0,0.984807753,0.173648178,-0.5,-0.866025404,0.0,1.0,-0.400453906,-0.916316904,7/26/2025 0:00
2025205N13144,17.8,143.9,1920,4,0,0.965925826,0.258819045,-0.5,-0.866025404,0.707106781,0.707106781,-0.400453906,-0.916316904,7/26/2025 3:00
2025205N13144,17.9,144.1,1918,5,0,0.766044443,0.64278761,-0.5,-0.866025404,1.0,6.12e-17,-0.400453906,-0.916316904,7/26/2025 6:00
2025205N13144,18.1,144.3,1907,7,0,0.5,0.866025404,-0.5,-0.866025404,0.707106781,-0.707106781,-0.400453906,-0.916316904,7/26/2025 9:00
2025205N13144,18.5,144.5,1875,10,0,0.5,0.866025404,-0.5,-0.866025404,1.22e-16,-1.0,-0.400453906,-0.916316904,7/26/2025 12:00
2025205N13144,19.0,144.8,1839,11,0,0.422618262,0.906307787,-0.5,-0.866025404,-0.707106781,-0.707106781,-0.400453906,-0.916316904,7/26/2025 15:00
2025205N13144,19.5,145.0,1791,9,0,0.342020143,0.939692621,-0.5,-0.866025404,-1.0,-1.84e-16,-0.400453906,-0.916316904,7/26/2025 18:00
2025205N13144,19.8,145.1,1761,7,0,0.173648178,0.984807753,-0.5,-0.866025404,-0.707106781,0.707106781,-0.400453906,-0.916316904,7/26/2025 21:00
2025205N13144,20.2,145.1,1718,10,0,-0.087155743,0.996194698,-0.5,-0.866025404,0.0,1.0,-0.416124696,-0.909307559,7/27/2025 0:00
2025205N13144,20.8,145.0,1651,13,0,-0.087155743,0.996194698,-0.5,-0.866025404,0.707106781,0.707106781,-0.416124696,-0.909307559,7/27/2025 3:00
2025205N13144,21.5,145.0,1576,13,0,0.087155743,0.996194698,-0.5,-0.866025404,1.0,6.12e-17,-0.416124696,-0.909307559,7/27/2025 6:00
2025205N13144,22.1,145.2,1518,13,0,0.258819045,0.965925826,-0.5,-0.866025404,0.707106781,-0.707106781,-0.416124696,-0.909307559,7/27/2025 9:00
2025205N13144,22.7,145.4,1462,15,0,0.087155743,0.996194698,-0.5,-0.866025404,1.22e-16,-1.0,-0.416124696,-0.909307559,7/27/2025 12:00
2025205N13144,23.5,145.4,1378,17,1,-0.087155743,0.996194698,-0.5,-0.866025404,-0.707106781,-0.707106781,-0.416124696,-0.909307559,7/27/2025 15:00
2025205N13144,24.4,145.3,1281,15,1,-0.087155743,0.996194698,-0.5,-0.866025404,-1.0,-1.84e-16,-0.416124696,-0.909307559,7/27/2025 18:00
2025205N13144,25.0,145.3,1220,14,1,-0.087155743,0.996194698,-0.5,-0.866025404,-0.707106781,0.707106781,-0.416124696,-0.909307559,7/27/2025 21:00
2025205N13144,25.8,145.2,1134,25,1,-0.173648178,0.984807753,-0.5,-0.866025404,0.0,1.0,-0.431672852,-0.902030237,7/28/2025 0:00
2025205N13144,27.4,144.9,961,30,1,-0.173648178,0.984807753,-0.5,-0.866025404,0.707106781,0.707106781,-0.431672852,-0.902030237,7/28/2025 3:00
2025205N13144,28.7,144.5,816,11,1,-0.64278761,0.766044443,-0.5,-0.866025404,1.0,6.12e-17,-0.431672852,-0.902030237,7/28/2025 6:00
2025205N13144,28.3,144.1,836,14,1,-0.5,-0.866025404,-0.5,-0.866025404,0.707106781,-0.707106781,-0.431672852,-0.902030237,7/28/2025 9:00
2025205N13144,27.5,143.7,900,10,0,-0.64278761,-0.766044443,-0.5,-0.866025404,1.22e-16,-1.0,-0.431672852,-0.902030237,7/28/2025 12:00
2025205N13144,27.5,143.4,889,6,0,-0.819152044,0.573576436,-0.5,-0.866025404,-0.707106781,-0.707106781,-0.431672852,-0.902030237,7/28/2025 15:00
2025205N13144,27.9,143.2,841,7,0,-0.5,0.866025404,-0.5,-0.866025404,-1.0,-1.84e-16,-0.431672852,-0.902030237,7/28/2025 18:00
2025205N13144,28.1,143.0,813,5,0,-0.342020143,0.939692621,-0.5,-0.866025404,-0.707106781,0.707106781,-0.431672852,-0.902030237,7/28/2025 21:00
2025205N13144,28.4,142.9,778,4,0,-0.258819045,0.965925826,-0.5,-0.866025404,0.0,1.0,-0.447093793,-0.894487082,7/29/2025 0:00
2025205N13144,28.5,142.9,767,1,0,-0.258819045,0.965925826,-0.5,-0.866025404,0.707106781,0.707106781,-0.447093793,-0.894487082,7/29/2025 3:00
2025205N13144,28.5,142.9,767,1,0,0.0,1.0,-0.5,-0.866025404,1.0,6.12e-17,-0.447093793,-0.894487082,7/29/2025 6:00
2025205N13144,28.6,142.9,757,1,0,0.0,1.0,-0.5,-0.866025404,0.707106781,-0.707106781,-0.447093793,-0.894487082,7/29/2025 9:00
2025205N13144,28.6,142.9,757,1,0,-0.342020143,0.939692621,-0.5,-0.866025404,1.22e-16,-1.0,-0.447093793,-0.894487082,7/29/2025 12:00
2025205N13144,28.7,142.9,747,1,0,-0.64278761,0.766044443,-0.5,-0.866025404,-0.707106781,-0.707106781,-0.447093793,-0.894487082,7/29/2025 15:00
2025205N13144,28.7,142.8,743,1,0,-0.906307787,0.422618262,-0.5,-0.866025404,-1.0,-1.84e-16,-0.447093793,-0.894487082,7/29/2025 18:00
2025205N13144,28.7,142.8,743,0,0,0.0,1.0,-0.5,-0.866025404,-0.707106781,0.707106781,-0.447093793,-0.894487082,7/29/2025 21:00
2025205N13144,28.7,142.8,743,3,0,0.939692621,0.342020143,-0.5,-0.866025404,0.0,1.0,-0.462382973,-0.886680318,7/30/2025 0:00
2025205N13144,28.8,143.1,744,5,0,0.906307787,0.422618262,-0.5,-0.866025404,0.707106781,0.707106781,-0.462382973,-0.886680318,7/30/2025 3:00
2025205N13144,28.9,143.3,741,3,0,0.819152044,0.573576436,-0.5,-0.866025404,1.0,6.12e-17,-0.462382973,-0.886680318,7/30/2025 6:00
2025205N13144,28.9,143.3,741,1,0,-0.64278761,0.766044443,-0.5,-0.866025404,0.707106781,-0.707106781,-0.462382973,-0.886680318,7/30/2025 9:00
2025205N13144,29.0,143.2,727,2,0,-0.422618262,0.906307787,-0.5,-0.866025404,1.22e-16,-1.0,-0.462382973,-0.886680318,7/30/2025 12:00
2025205N13144,29.1,143.2,717,3,0,0.0,1.0,-0.5,-0.866025404,-0.707106781,-0.707106781,-0.462382973,-0.886680318,7/30/2025 15:00
2025205N13144,29.3,143.2,697,6,0,-0.173648178,0.984807753,-0.5,-0.866025404,-1.0,-1.84e-16,-0.462382973,-0.886680318,7/30/2025 18:00
2025205N13144,29.7,143.1,652,7,0,-0.342020143,0.939692621,-0.5,-0.866025404,-0.707106781,0.707106781,-0.462382973,-0.886680318,7/30/2025 21:00
2025205N13144,30.0,142.9,614,5,0,-0.573576436,0.819152044,-0.5,-0.866025404,0.0,1.0,-0.477535886,-0.878612245,7/31/2025 0:00
2025205N13144,30.0,142.7,606,3,0,-0.939692621,0.342020143,-0.5,-0.866025404,0.707106781,0.707106781,-0.477535886,-0.878612245,7/31/2025 3:00
2025205N13144,30.1,142.6,591,4,0,-0.573576436,0.819152044,-0.5,-0.866025404,1.0,6.12e-17,-0.477535886,-0.878612245,7/31/2025 6:00
2025205N13144,30.4,142.5,557,7,0,-0.342020143,0.939692621,-0.5,-0.866025404,0.707106781,-0.707106781,-0.477535886,-0.878612245,7/31/2025 9:00
2025205N13144,30.8,142.3,508,8,0,-0.342020143,0.939692621,-0.5,-0.866025404,1.22e-16,-1.0,-0.477535886,-0.878612245,7/31/2025 12:00
2025205N13144,31.2,142.1,460,8,0,-0.342020143,0.939692621,-0.5,-0.866025404,-0.707106781,-0.707106781,-0.477535886,-0.878612245,7/31/2025 15:00
2025205N13144,31.6,142.0,416,9,0,-0.258819045,0.965925826,-0.5,-0.866025404,-1.0,-1.84e-16,-0.477535886,-0.878612245,7/31/2025 18:00
2025205N13144,32.1,141.9,362,10,0,-0.258819045,0.965925826,-0.5,-0.866025404,-0.707106781,0.707106781,-0.477535886,-0.878612245,7/31/2025 21:00
2025205N13144,32.6,141.7,305,12,0,-0.258819045,0.965925826,-0.866025404,-0.5,0.0,1.0,-0.492548068,-0.870285241,8/1/2025 0:00
2025205N13144,33.2,141.5,239,12,0,-0.258819045,0.965925826,-0.866025404,-0.5,0.707106781,0.707106781,-0.492548068,-0.870285241,8/1/2025 3:00
2025205N13144,33.7,141.3,185,9,0,-0.258819045,0.965925826,-0.866025404,-0.5,1.0,6.12e-17,-0.492548068,-0.870285241,8/1/2025 6:00
2025205N13144,34.0,141.2,152,6,0,0.0,1.0,-0.866025404,-0.5,0.707106781,-0.707106781,-0.492548068,-0.870285241,8/1/2025 9:00
2025205N13144,34.3,141.3,129,7,0,0.258819045,0.965925826,-0.866025404,-0.5,1.22e-16,-1.0,-0.492548068,-0.870285241,8/1/2025 12:00
2025205N13144,34.7,141.5,114,10,0,0.422618262,0.906307787,-0.866025404,-0.5,-0.707106781,-0.707106781,-0.492548068,-0.870285241,8/1/2025 15:00
2025205N13144,35.2,141.8,98,12,0,0.422618262,0.906307787,-0.866025404,-0.5,-1.0,-1.84e-16,-0.492548068,-0.870285241,8/1/2025 18:00
2025205N13144,35.8,142.1,108,14,0,0.5,0.866025404,-0.866025404,-0.5,-0.707106781,0.707106781,-0.492548068,-0.870285241,8/1/2025 21:00
2025205N13144,36.4,142.6,157,15,0,0.573576436,0.819152044,-0.866025404,-0.5,0.0,1.0,-0.507415093,-0.86170176,8/2/2025 0:00
2025205N13144,37.0,143.2,194,16,0,0.707106781,0.707106781,-0.866025404,-0.5,0.707106781,0.707106781,-0.507415093,-0.86170176,8/2/2025 3:00
2025205N13144,37.5,144.0,236,17,0,0.819152044,0.573576436,-0.866025404,-0.5,1.0,6.12e-17,-0.507415093,-0.86170176,8/2/2025 6:00
2025205N13144,37.9,145.0,303,18,0,0.906307787,0.422618262,-0.866025404,-0.5,0.707106781,-0.707106781,-0.507415093,-0.86170176,8/2/2025 9:00
2025205N13144,38.3,146.0,362,17,0,0.906307787,0.422618262,-0.866025404,-0.5,1.22e-16,-1.0,-0.507415093,-0.86170176,8/2/2025 12:00
2025205N13144,38.6,146.9,425,16,0,0.906307787,0.422618262,-0.866025404,-0.5,-0.707106781,-0.707106781,-0.507415093,-0.86170176,8/2/2025 15:00
2025205N13144,39.0,147.9,500,20,0,0.906307787,0.422618262,-0.866025404,-0.5,-1.0,-1.84e-16,-0.507415093,-0.86170176,8/2/2025 18:00
2025205N13144,39.5,149.2,513,24,0,0.939692621,0.342020143,-0.866025404,-0.5,-0.707106781,0.707106781,-0.507415093,-0.86170176,8/2/2025 21:00
2025205N13144,39.9,150.8,572,26,0,0.939692621,0.342020143,-0.866025404,-0.5,0.0,1.0,-0.522132581,-0.852864331,8/3/2025 0:00
2025214N27137,28.7,139.2,615,18,-1,0.5,0.866025404,-0.866025404,-0.5,0.707106781,-0.707106781,-0.507415093,-0.86170176,8/2/2025 9:00
2025214N27137,29.6,139.6,555,17,-1,0.422618262,0.906307787,-0.866025404,-0.5,1.22e-16,-1.0,-0.507415093,-0.86170176,8/2/2025 12:00
2025214N27137,30.2,140.0,503,16,-1,0.5,0.866025404,-0.866025404,-0.5,-0.707106781,-0.707106781,-0.507415093,-0.86170176,8/2/2025 15:00
2025214N27137,31.0,140.5,431,21,0,0.422618262,0.906307787,-0.866025404,-0.5,-1.0,-1.84e-16,-0.507415093,-0.86170176,8/2/2025 18:00
2025214N27137,32.2,141.1,320,26,0,0.422618262,0.906307787,-0.866025404,-0.5,-0.707106781,0.707106781,-0.507415093,-0.86170176,8/2/2025 21:00
2025214N27137,33.3,141.8,247,22,0,0.573576436,0.819152044,-0.866025404,-0.5,0.0,1.0,-0.522132581,-0.852864331,8/3/2025 0:00
2025214N27137,33.9,142.7,255,19,0,0.819152044,0.573576436,-0.866025404,-0.5,0.707106781,0.707106781,-0.522132581,-0.852864331,8/3/2025 3:00
2025214N27137,34.4,143.6,284,19,0,0.766044443,0.64278761,-0.866025404,-0.5,1.0,6.12e-17,-0.522132581,-0.852864331,8/3/2025 6:00
2025214N27137,35.1,144.4,323,20,0,0.707106781,0.707106781,-0.866025404,-0.5,0.707106781,-0.707106781,-0.522132581,-0.852864331,8/3/2025 9:00
2025214N27137,35.8,145.3,396,19,0,0.766044443,0.64278761,-0.866025404,-0.5,1.22e-16,-1.0,-0.522132581,-0.852864331,8/3/2025 12:00
2025214N27137,36.3,146.2,469,18,0,0.866025404,0.5,-0.866025404,-0.5,-0.707106781,-0.707106781,-0.522132581,-0.852864331,8/3/2025 15:00
2025214N27137,36.7,147.2,532,19,0,0.939692621,0.342020143,-0.866025404,-0.5,-1.0,-1.84e-16,-0.522132581,-0.852864331,8/3/2025 18:00
2025214N27137,37.0,148.4,614,20,0,0.965925826,0.258819045,-0.866025404,-0.5,-0.707106781,0.707106781,-0.522132581,-0.852864331,8/3/2025 21:00
2025214N27137,37.2,149.6,700,18,0,0.984807753,0.173648178,-0.866025404,-0.5,0.0,1.0,-0.536696194,-0.84377556,8/4/2025 0:00
2025214N27137,37.3,150.7,786,17,-1,0.996194698,0.087155743,-0.866025404,-0.5,0.707106781,0.707106781,-0.536696194,-0.84377556,8/4/2025 3:00
2025214N27137,37.4,151.7,830,17,-1,0.996194698,0.087155743,-0.866025404,-0.5,1.0,6.12e-17,-0.536696194,-0.84377556,8/4/2025 6:00
2025214N27137,37.4,152.8,892,17,-1,0.996194698,0.087155743,-0.866025404,-0.5,0.707106781,-0.707106781,-0.536696194,-0.84377556,8/4/2025 9:00
2025214N27137,37.5,153.9,950,16,-1,0.984807753,0.173648178,-0.866025404,-0.5,1.22e-16,-1.0,-0.536696194,-0.84377556,8/4/2025 12:00
2025214N27137,37.7,154.9,978,15,-1,0.939692621,0.342020143,-0.866025404,-0.5,-0.707106781,-0.707106781,-0.536696194,-0.84377556,8/4/2025 15:00
2025214N27137,38.0,155.7,979,13,-1,0.965925826,0.258819045,-0.866025404,-0.5,-1.0,-1.84e-16,-0.536696194,-0.84377556,8/4/2025 18:00
2025214N27137,38.1,156.5,1004,12,-1,0.996194698,0.087155743,-0.866025404,-0.5,-0.707106781,0.707106781,-0.536696194,-0.84377556,8/4/2025 21:00
2025214N27137,38.1,157.2,1037,12,-1,0.996194698,0.087155743,-0.866025404,-0.5,0.0,1.0,-0.55110164,-0.834438124,8/5/2025 0:00
2025219N18148,18.8,147.4,1943,8,-1,-0.866025404,0.5,-0.866025404,-0.5,0.707106781,-0.707106781,-0.579421098,-0.815028338,8/7/2025 9:00
2025219N18148,19.0,147.0,1908,9,0,-0.906307787,0.422618262,-0.866025404,-0.5,1.22e-16,-1.0,-0.579421098,-0.815028338,8/7/2025 12:00
2025219N18148,19.2,146.6,1872,9,0,-0.866025404,0.5,-0.866025404,-0.5,-0.707106781,-0.707106781,-0.579421098,-0.815028338,8/7/2025 15:00
2025219N18148,19.4,146.2,1838,8,0,-0.707106781,0.707106781,-0.866025404,-0.5,-1.0,-1.84e-16,-0.579421098,-0.815028338,8/7/2025 18:00
2025219N18148,19.7,145.9,1796,8,0,-0.573576436,0.819152044,-0.866025404,-0.5,-0.707106781,0.707106781,-0.579421098,-0.815028338,8/7/2025 21:00
2025219N18148,20.1,145.7,1747,8,0,-0.573576436,0.819152044,-0.866025404,-0.5,0.0,1.0,-0.593326764,-0.804961708,8/8/2025 0:00
2025219N18148,20.4,145.4,1706,8,0,-0.766044443,0.64278761,-0.866025404,-0.5,0.707106781,0.707106781,-0.593326764,-0.804961708,8/8/2025 3:00
2025219N18148,20.6,145.1,1675,8,0,-0.906307787,0.422618262,-0.866025404,-0.5,1.0,6.12e-17,-0.593326764,-0.804961708,8/8/2025 6:00
2025219N18148,20.7,144.7,1653,9,0,-0.965925826,0.258819045,-0.866025404,-0.5,0.707106781,-0.707106781,-0.593326764,-0.804961708,8/8/2025 9:00
2025219N18148,20.8,144.2,1628,8,0,-0.939692621,0.342020143,-0.866025404,-0.5,1.22e-16,-1.0,-0.593326764,-0.804961708,8/8/2025 12:00
2025219N18148,21.0,143.8,1592,8,0,-0.866025404,0.5,-0.866025404,-0.5,-0.707106781,-0.707106781,-0.593326764,-0.804961708,8/8/2025 15:00
2025219N18148,21.2,143.5,1558,7,0,-0.819152044,0.573576436,-0.866025404,-0.5,-1.0,-1.84e-16,-0.593326764,-0.804961708,8/8/2025 18:00
2025219N18148,21.4,143.2,1524,6,0,-0.866025404,0.5,-0.866025404,-0.5,-0.707106781,0.707106781,-0.593326764,-0.804961708,8/8/2025 21:00
2025219N18148,21.5,142.9,1500,8,0,-0.965925826,0.258819045,-0.866025404,-0.5,0.0,1.0,-0.607057574,-0.794657852,8/9/2025 0:00
2025219N18148,21.6,142.4,1468,9,0,-0.996194698,0.087155743,-0.866025404,-0.5,0.707106781,0.707106781,-0.607057574,-0.794657852,8/9/2025 3:00
2025219N18148,21.6,141.9,1447,9,0,-1.0,-1.84e-16,-0.866025404,-0.5,1.0,6.12e-17,-0.607057574,-0.794657852,8/9/2025 6:00
2025219N18148,21.6,141.4,1427,8,0,-0.996194698,-0.087155743,-0.866025404,-0.5,0.707106781,-0.707106781,-0.607057574,-0.794657852,8/9/2025 9:00
2025219N18148,21.5,141.0,1423,7,0,-0.996194698,-0.087155743,-0.866025404,-0.5,1.22e-16,-1.0,-0.607057574,-0.794657852,8/9/2025 12:00
2025219N18148,21.5,140.6,1409,7,0,-1.0,-1.84e-16,-0.866025404,-0.5,-0.707106781,-0.707106781,-0.607057574,-0.794657852,8/9/2025 15:00
2025219N18148,21.5,140.2,1397,11,0,-0.996194698,0.087155743,-0.866025404,-0.5,-1.0,-1.84e-16,-0.607057574,-0.794657852,8/9/2025 18:00
2025219N18148,21.5,139.5,1367,14,0,-0.996194698,0.087155743,-0.866025404,-0.5,-0.707106781,0.707106781,-0.607057574,-0.794657852,8/9/2025 21:00
2025219N18148,21.6,138.7,1312,12,0,-0.996194698,0.087155743,-0.866025404,-0.5,0.0,1.0,-0.620609482,-0.784119807,8/10/2025 0:00
2025219N18148,21.7,138.2,1276,10,0,-0.996194698,0.087155743,-0.866025404,-0.5,0.707106781,0.707106781,-0.620609482,-0.784119807,8/10/2025 3:00
2025219N18148,21.7,137.6,1244,12,0,-1.0,-1.84e-16,-0.866025404,-0.5,1.0,6.12e-17,-0.620609482,-0.784119807,8/10/2025 6:00
2025219N18148,21.7,136.8,1202,15,0,-0.996194698,-0.087155743,-0.866025404,-0.5,0.707106781,-0.707106781,-0.620609482,-0.784119807,8/10/2025 9:00
2025219N18148,21.6,136.0,1174,14,0,-0.984807753,-0.173648178,-0.866025404,-0.5,1.22e-16,-1.0,-0.620609482,-0.784119807,8/10/2025 12:00
2025219N18148,21.4,135.3,1165,12,0,-0.965925826,-0.258819045,-0.866025404,-0.5,-0.707106781,-0.707106781,-0.620609482,-0.784119807,8/10/2025 15:00
2025219N18148,21.3,134.7,1154,12,0,-0.984807753,-0.173648178,-0.866025404,-0.5,-1.0,-1.84e-16,-0.620609482,-0.784119807,8/10/2025 18:00
2025219N18148,21.3,134.0,1132,12,0,-0.996194698,-0.087155743,-0.866025404,-0.5,-0.707106781,0.707106781,-0.620609482,-0.784119807,8/10/2025 21:00
2025219N18148,21.2,133.4,1127,12,0,-0.965925826,-0.258819045,-0.866025404,-0.5,0.0,1.0,-0.633978493,-0.773350678,8/11/2025 0:00
2025219N18148,20.9,132.8,1134,12,0,-0.906307787,-0.422618262,-0.866025404,-0.5,0.707106781,0.707106781,-0.633978493,-0.773350678,8/11/2025 3:00
2025219N18148,20.7,132.2,1068,11,0,-0.996194698,-0.087155743,-0.866025404,-0.5,1.0,6.12e-17,-0.633978493,-0.773350678,8/11/2025 6:00
2025219N18148,20.8,131.6,1010,13,0,-0.965925826,0.258819045,-0.866025404,-0.5,0.707106781,-0.707106781,-0.633978493,-0.773350678,8/11/2025 9:00
2025219N18148,21.0,130.9,945,14,0,-1.0,-1.84e-16,-0.866025404,-0.5,1.22e-16,-1.0,-0.633978493,-0.773350678,8/11/2025 12:00
2025219N18148,20.8,130.1,859,15,0,-0.965925826,-0.258819045,-0.866025404,-0.5,-0.707106781,-0.707106781,-0.633978493,-0.773350678,8/11/2025 15:00
2025219N18148,20.6,129.3,773,13,1,-0.996194698,-0.087155743,-0.866025404,-0.5,-1.0,-1.84e-16,-0.633978493,-0.773350678,8/11/2025 18:00
2025219N18148,20.7,128.7,718,12,1,-0.965925826,0.258819045,-0.866025404,-0.5,-0.707106781,0.707106781,-0.633978493,-0.773350678,8/11/2025 21:00
2025219N18148,20.9,128.1,668,14,1,-0.939692621,0.342020143,-0.866025404,-0.5,0.0,1.0,-0.647160667,-0.762353639,8/12/2025 0:00
2025219N18148,21.1,127.3,604,15,1,-0.965925826,0.258819045,-0.866025404,-0.5,0.707106781,0.707106781,-0.647160667,-0.762353639,8/12/2025 3:00
2025219N18148,21.3,126.5,545,15,1,-0.965925826,0.258819045,-0.866025404,-0.5,1.0,6.12e-17,-0.647160667,-0.762353639,8/12/2025 6:00
2025219N18148,21.4,125.7,481,14,1,-0.984807753,0.173648178,-0.866025404,-0.5,0.707106781,-0.707106781,-0.647160667,-0.762353639,8/12/2025 9:00
2025219N18148,21.6,125.0,406,15,1,-0.965925826,0.258819045,-0.866025404,-0.5,1.22e-16,-1.0,-0.647160667,-0.762353639,8/12/2025 12:00
2025231N27128,28.2,126.9,461,8,-1,-0.342020143,0.939692621,-0.866025404,-0.5,-0.707106781,-0.707106781,-0.733885366,-0.679273339,8/19/2025 15:00
2025231N27128,28.6,126.8,437,8,-1,0.173648178,0.984807753,-0.866025404,-0.5,-1.0,-1.84e-16,-0.733885366,-0.679273339,8/19/2025 18:00
2025231N27128,29.0,127.0,393,10,-1,0.573576436,0.819152044,-0.866025404,-0.5,-0.707106781,0.707106781,-0.733885366,-0.679273339,8/19/2025 21:00
2025231N27128,29.4,127.4,335,10,-1,0.573576436,0.819152044,-0.866025404,-0.5,0.0,1.0,-0.745437857,-0.666575128,8/20/2025 0:00
2025231N27128,29.8,127.7,285,10,-1,0.422618262,0.906307787,-0.866025404,-0.5,0.707106781,0.707106781,-0.745437857,-0.666575128,8/20/2025 3:00
2025231N27128,30.3,127.9,241,10,-1,0.173648178,0.984807753,-0.866025404,-0.5,1.0,6.12e-17,-0.745437857,-0.666575128,8/20/2025 6:00
2025231N27128,30.8,127.9,223,9,-1,0.087155743,0.996194698,-0.866025404,-0.5,0.707106781,-0.707106781,-0.745437857,-0.666575128,8/20/2025 9:00
2025231N27128,31.2,128.0,208,9,0,0.5,0.866025404,-0.866025404,-0.5,1.22e-16,-1.0,-0.745437857,-0.666575128,8/20/2025 12:00
2025231N27128,31.6,128.4,165,10,0,0.766044443,0.64278761,-0.866025404,-0.5,-0.707106781,-0.707106781,-0.745437857,-0.666575128,8/20/2025 15:00
2025231N27128,31.8,128.9,116,7,0,0.766044443,0.64278761,-0.866025404,-0.5,-1.0,-1.84e-16,-0.745437857,-0.666575128,8/20/2025 18:00
2025231N27128,32.0,129.1,87,3,0,0.766044443,0.64278761,-0.866025404,-0.5,-0.707106781,0.707106781,-0.745437857,-0.666575128,8/20/2025 21:00
2025231N27128,32.0,129.2,81,4,0,0.965925826,-0.258819045,-0.866025404,-0.5,0.0,1.0,-0.756770663,-0.653680475,8/21/2025 0:00
2025231N27128,31.9,129.5,65,7,0,0.906307787,-0.422618262,-0.866025404,-0.5,0.707106781,0.707106781,-0.756770663,-0.653680475,8/21/2025 3:00
2025231N27128,31.7,129.9,30,8,0,0.939692621,-0.342020143,-0.866025404,-0.5,1.0,6.12e-17,-0.756770663,-0.653680475,8/21/2025 6:00
2025231N27128,31.6,130.4,0,9,0,0.996194698,-0.087155743,-0.866025404,-0.5,0.707106781,-0.707106781,-0.756770663,-0.653680475,8/21/2025 9:00
2025231N27128,31.6,130.9,0,7,-1,0.996194698,0.087155743,-0.866025404,-0.5,1.22e-16,-1.0,-0.756770663,-0.653680475,8/21/2025 12:00
2025235N17117,17.6,115.9,439,15,0,-0.996194698,0.087155743,-0.866025404,-0.5,0.707106781,0.707106781,-0.778763931,-0.627317097,8/23/2025 3:00
2025235N17117,17.6,115.0,477,15,0,-0.984807753,0.173648178,-0.866025404,-0.5,1.0,6.12e-17,-0.778763931,-0.627317097,8/23/2025 6:00
2025235N17117,17.8,114.3,401,14,0,-0.965925826,0.258819045,-0.866025404,-0.5,0.707106781,-0.707106781,-0.778763931,-0.627317097,8/23/2025 9:00
2025235N17117,17.9,113.6,333,14,0,-0.984807753,-0.173648178,-0.866025404,-0.5,1.22e-16,-1.0,-0.778763931,-0.627317097,8/23/2025 12:00
2025235N17117,17.6,112.9,286,15,0,-0.866025404,-0.5,-0.866025404,-0.5,-0.707106781,-0.707106781,-0.778763931,-0.627317097,8/23/2025 15:00
2025235N17117,17.2,112.2,253,13,0,-0.939692621,-0.342020143,-0.866025404,-0.5,-1.0,-1.84e-16,-0.778763931,-0.627317097,8/23/2025 18:00
2025235N17117,17.1,111.6,219,11,0,-1.0,-1.84e-16,-0.866025404,-0.5,-0.707106781,0.707106781,-0.778763931,-0.627317097,8/23/2025 21:00
2025235N17117,17.2,111.1,177,9,1,-0.984807753,0.173648178,-0.866025404,-0.5,0.0,1.0,-0.78941791,-0.613856142,8/24/2025 0:00
2025235N17117,17.3,110.7,143,8,1,-0.965925826,0.258819045,-0.866025404,-0.5,0.707106781,0.707106781,-0.78941791,-0.613856142,8/24/2025 3:00
2025235N17117,17.4,110.3,109,9,2,-0.906307787,0.422618262,-0.866025404,-0.5,1.0,6.12e-17,-0.78941791,-0.613856142,8/24/2025 6:00
2025235N17117,17.7,109.8,56,11,2,-0.866025404,0.5,-0.866025404,-0.5,0.707106781,-0.707106781,-0.78941791,-0.613856142,8/24/2025 9:00
2025235N17117,17.9,109.3,39,10,2,-0.906307787,0.422618262,-0.866025404,-0.5,1.22e-16,-1.0,-0.78941791,-0.613856142,8/24/2025 12:00
2025240N15116,15.3,114.8,530,15,-1,-0.906307787,0.422618262,-0.866025404,-0.5,-0.707106781,-0.707106781,-0.829677014,-0.558243722,8/28/2025 15:00
2025240N15116,15.6,114.1,523,13,-1,-0.906307787,0.422618262,-0.866025404,-0.5,-1.0,-1.84e-16,-0.829677014,-0.558243722,8/28/2025 18:00
2025240N15116,15.9,113.6,462,10,-1,-0.866025404,0.5,-0.866025404,-0.5,-0.707106781,0.707106781,-0.829677014,-0.558243722,8/28/2025 21:00
2025240N15116,16.1,113.2,415,9,-1,-0.939692621,0.342020143,-0.866025404,-0.5,0.0,1.0,-0.839137755,-0.543918954,8/29/2025 0:00
2025240N15116,16.2,112.7,371,10,-1,-0.965925826,0.258819045,-0.866025404,-0.5,0.707106781,0.707106781,-0.839137755,-0.543918954,8/29/2025 3:00
2025240N15116,16.4,112.2,320,11,-1,-0.819152044,0.573576436,-0.866025404,-0.5,1.0,6.12e-17,-0.839137755,-0.543918954,8/29/2025 6:00
2025240N15116,16.8,111.8,259,13,-1,-0.766044443,0.64278761,-0.866025404,-0.5,0.707106781,-0.707106781,-0.839137755,-0.543918954,8/29/2025 9:00
2025240N15116,17.2,111.2,184,15,-1,-0.939692621,0.342020143,-0.866025404,-0.5,1.22e-16,-1.0,-0.839137755,-0.543918954,8/29/2025 12:00
2025247N27132,28.9,131.0,236,16,-1,0.0,1.0,-1.0,-1.84e-16,-0.707106781,0.707106781,-0.882678798,-0.469976743,9/3/2025 21:00
2025247N27132,29.7,131.1,150,15,0,0.173648178,0.984807753,-1.0,-1.84e-16,0.0,1.0,-0.890616509,-0.454755136,9/4/2025 0:00
2025247N27132,30.4,131.3,88,14,0,0.258819045,0.965925826,-1.0,-1.84e-16,0.707106781,0.707106781,-0.890616509,-0.454755136,9/4/2025 3:00
2025247N27132,31.0,131.5,45,14,0,0.258819045,0.965925826,-1.0,-1.84e-16,1.0,6.12e-17,-0.890616509,-0.454755136,9/4/2025 6:00
2025247N27132,31.7,131.7,21,14,0,0.342020143,0.939692621,-1.0,-1.84e-16,0.707106781,-0.707106781,-0.890616509,-0.454755136,9/4/2025 9:00
2025247N27132,32.3,132.0,30,11,0,0.422618262,0.906307787,-1.0,-1.84e-16,1.22e-16,-1.0,-0.890616509,-0.454755136,9/4/2025 12:00
2025249N18117,18.6,115.3,426,10,0,-0.996194698,-0.087155743,-1.0,-1.84e-16,-0.707106781,-0.707106781,-0.905702263,-0.423914391,9/6/2025 15:00
2025249N18117,18.5,114.8,417,8,0,-0.939692621,-0.342020143,-1.0,-1.84e-16,-1.0,-1.84e-16,-0.905702263,-0.423914391,9/6/2025 18:00
2025249N18117,18.3,114.6,405,4,0,-0.866025404,-0.5,-1.0,-1.84e-16,-0.707106781,0.707106781,-0.905702263,-0.423914391,9/6/2025 21:00
2025249N18117,18.3,114.4,386,6,0,-0.707106781,0.707106781,-1.0,-1.84e-16,0.0,1.0,-0.91284586,-0.408304342,9/7/2025 0:00
2025259N16124,16.0,122.5,39,7,0,-0.965925826,0.258819045,-1.0,-1.84e-16,-0.707106781,-0.707106781,-0.964806136,-0.262962203,9/16/2025 15:00
2025259N16124,16.1,122.2,10,7,0,-0.766044443,0.64278761,-1.0,-1.84e-16,-1.0,-1.84e-16,-0.964806136,-0.262962203,9/16/2025 18:00
2025259N16124,16.4,122.0,0,9,0,-0.422618262,0.906307787,-1.0,-1.84e-16,-0.707106781,0.707106781,-0.964806136,-0.262962203,9/16/2025 21:00
2025259N16124,16.9,121.8,0,11,-1,-0.422618262,0.906307787,-1.0,-1.84e-16,0.0,1.0,-0.969178065,-0.246361274,9/17/2025 0:00
2025259N16124,17.4,121.5,0,12,-1,-0.5,0.866025404,-1.0,-1.84e-16,0.707106781,0.707106781,-0.969178065,-0.246361274,9/17/2025 3:00
2025259N16124,17.9,121.2,0,11,-1,-0.573576436,0.819152044,-1.0,-1.84e-16,1.0,6.12e-17,-0.969178065,-0.246361274,9/17/2025 6:00
2025259N16124,18.3,120.9,0,10,-1,-0.707106781,0.707106781,-1.0,-1.84e-16,0.707106781,-0.707106781,-0.969178065,-0.246361274,9/17/2025 9:00
2025259N16124,18.6,120.5,24,7,-1,-0.866025404,0.5,-1.0,-1.84e-16,1.22e-16,-1.0,-0.969178065,-0.246361274,9/17/2025 12:00
2025259N16124,18.7,120.2,53,6,-1,-0.939692621,0.342020143,-1.0,-1.84e-16,-0.707106781,-0.707106781,-0.969178065,-0.246361274,9/17/2025 15:00
2025259N16124,18.8,119.9,86,10,-1,-0.766044443,0.64278761,-1.0,-1.84e-16,-1.0,-1.84e-16,-0.969178065,-0.246361274,9/17/2025 18:00
2025259N16124,19.3,119.5,153,14,-1,-0.707106781,0.707106781,-1.0,-1.84e-16,-0.707106781,0.707106781,-0.969178065,-0.246361274,9/17/2025 21:00
2025259N16124,19.8,118.9,237,14,-1,-0.906307787,0.422618262,-1.0,-1.84e-16,0.0,1.0,-0.973264374,-0.229687742,9/18/2025 0:00
2025259N16124,19.9,118.1,311,14,-1,-0.996194698,0.087155743,-1.0,-1.84e-16,0.707106781,0.707106781,-0.973264374,-0.229687742,9/18/2025 3:00
2025259N16124,19.9,117.4,348,10,-1,-1.0,-1.84e-16,-1.0,-1.84e-16,1.0,6.12e-17,-0.973264374,-0.229687742,9/18/2025 6:00
2025259N16124,19.9,117.0,336,6,-1,-0.939692621,0.342020143,-1.0,-1.84e-16,0.707106781,-0.707106781,-0.973264374,-0.229687742,9/18/2025 9:00
2025259N16124,20.1,116.8,308,8,0,-0.422618262,0.906307787,-1.0,-1.84e-16,1.22e-16,-1.0,-0.973264374,-0.229687742,9/18/2025 12:00
2025262N16133,16.1,131.8,807,10,0,-0.984807753,-0.173648178,-1.0,-1.84e-16,-0.707106781,0.707106781,-0.973264374,-0.229687742,9/18/2025 21:00
2025262N16133,16.0,131.3,756,8,0,-0.996194698,-0.087155743,-1.0,-1.84e-16,0.0,1.0,-0.977063856,-0.21294652,9/19/2025 0:00
2025262N16133,16.0,131.0,730,6,0,-0.984807753,0.173648178,-1.0,-1.84e-16,0.707106781,0.707106781,-0.977063856,-0.21294652,9/19/2025 3:00
2025262N16133,16.1,130.7,710,6,0,-0.939692621,0.342020143,-1.0,-1.84e-16,1.0,6.12e-17,-0.977063856,-0.21294652,9/19/2025 6:00
2025262N16133,16.2,130.4,692,6,0,-0.939692621,0.342020143,-1.0,-1.84e-16,0.707106781,-0.707106781,-0.977063856,-0.21294652,9/19/2025 9:00
2025262N16133,16.3,130.1,668,3,0,-0.984807753,0.173648178,-1.0,-1.84e-16,1.22e-16,-1.0,-0.977063856,-0.21294652,9/19/2025 12:00
2025262N16133,16.3,130.0,658,1,0,-0.707106781,-0.707106781,-1.0,-1.84e-16,-0.707106781,-0.707106781,-0.977063856,-0.21294652,9/19/2025 15:00
2025262N16133,16.2,130.0,654,2,0,-0.965925826,-0.258819045,-1.0,-1.84e-16,-1.0,-1.84e-16,-0.977063856,-0.21294652,9/19/2025 18:00
2025262N16133,16.2,129.8,634,4,0,-0.965925826,0.258819045,-1.0,-1.84e-16,-0.707106781,0.707106781,-0.977063856,-0.21294652,9/19/2025 21:00
2025262N16133,16.3,129.6,619,5,1,-0.866025404,0.5,-1.0,-1.84e-16,0.0,1.0,-0.980575394,-0.196142541,9/20/2025 0:00
2025262N16133,16.5,129.4,610,6,1,-0.766044443,0.64278761,-1.0,-1.84e-16,0.707106781,0.707106781,-0.980575394,-0.196142541,9/20/2025 3:00
2025262N16133,16.7,129.1,593,6,1,-0.64278761,0.766044443,-1.0,-1.84e-16,1.0,6.12e-17,-0.980575394,-0.196142541,9/20/2025 6:00
2025262N16133,16.9,128.9,587,6,2,-0.64278761,0.766044443,-1.0,-1.84e-16,0.707106781,-0.707106781,-0.980575394,-0.196142541,9/20/2025 9:00
2025262N16133,17.2,128.7,590,8,3,-0.707106781,0.707106781,-1.0,-1.84e-16,1.22e-16,-1.0,-0.980575394,-0.196142541,9/20/2025 12:00
2025262N16133,17.5,128.3,580,10,3,-0.766044443,0.64278761,-1.0,-1.84e-16,-0.707106781,-0.707106781,-0.980575394,-0.196142541,9/20/2025 15:00
2025262N16133,17.8,127.9,573,9,4,-0.939692621,0.342020143,-1.0,-1.84e-16,-1.0,-1.84e-16,-0.980575394,-0.196142541,9/20/2025 18:00
2025262N16133,17.9,127.4,529,9,4,-0.996194698,0.087155743,-1.0,-1.84e-16,-0.707106781,0.707106781,-0.980575394,-0.196142541,9/20/2025 21:00
2025262N16133,17.9,127.0,487,8,4,-0.965925826,0.258819045,-1.0,-1.84e-16,0.0,1.0,-0.983797952,-0.179280759,9/21/2025 0:00
2025262N16133,18.1,126.6,451,8,4,-0.866025404,0.5,-1.0,-1.84e-16,0.707106781,0.707106781,-0.983797952,-0.179280759,9/21/2025 3:00
2025262N16133,18.3,126.3,422,9,5,-0.766044443,0.64278761,-1.0,-1.84e-16,1.0,6.12e-17,-0.983797952,-0.179280759,9/21/2025 6:00
2025262N16133,18.6,125.9,380,10,5,-0.819152044,0.573576436,-1.0,-1.84e-16,0.707106781,-0.707106781,-0.983797952,-0.179280759,9/21/2025 9:00
2025262N16133,18.9,125.4,331,11,5,-0.939692621,0.342020143,-1.0,-1.84e-16,1.22e-16,-1.0,-0.983797952,-0.179280759,9/21/2025 12:00
2025262N16133,19.0,124.8,271,12,5,-0.984807753,0.173648178,-1.0,-1.84e-16,-0.707106781,-0.707106781,-0.983797952,-0.179280759,9/21/2025 15:00
2025262N16133,19.1,124.1,205,12,5,-0.984807753,0.173648178,-1.0,-1.84e-16,-1.0,-1.84e-16,-0.983797952,-0.179280759,9/21/2025 18:00
2025262N16133,19.2,123.5,154,12,5,-0.984807753,0.173648178,-1.0,-1.84e-16,-0.707106781,0.707106781,-0.983797952,-0.179280759,9/21/2025 21:00
2025262N16133,19.3,122.9,118,11,5,-0.996194698,0.087155743,-1.0,-1.84e-16,0.0,1.0,-0.986730579,-0.162366141,9/22/2025 0:00
2025262N16133,19.3,122.3,100,11,5,-1.0,-1.84e-16,-1.0,-1.84e-16,0.707106781,0.707106781,-0.986730579,-0.162366141,9/22/2025 3:00
2025262N16133,19.3,121.7,94,11,5,-1.0,-1.84e-16,-1.0,-1.84e-16,1.0,6.12e-17,-0.986730579,-0.162366141,9/22/2025 6:00
2025262N16133,19.3,121.1,81,11,4,-0.996194698,0.087155743,-1.0,-1.84e-16,0.707106781,-0.707106781,-0.986730579,-0.162366141,9/22/2025 9:00
2025262N16133,19.4,120.5,94,11,4,-0.996194698,0.087155743,-1.0,-1.84e-16,1.22e-16,-1.0,-0.986730579,-0.162366141,9/22/2025 12:00
2025262N16133,19.5,119.9,138,11,4,-0.984807753,0.173648178,-1.0,-1.84e-16,-0.707106781,-0.707106781,-0.986730579,-0.162366141,9/22/2025 15:00
2025262N16133,19.6,119.3,191,11,4,-0.965925826,0.258819045,-1.0,-1.84e-16,-1.0,-1.84e-16,-0.986730579,-0.162366141,9/22/2025 18:00
2025262N16133,19.8,118.7,253,11,4,-0.939692621,0.342020143,-1.0,-1.84e-16,-0.707106781,0.707106781,-0.986730579,-0.162366141,9/22/2025 21:00
2025262N16133,20.0,118.2,309,11,4,-0.939692621,0.342020143,-1.0,-1.84e-16,0.0,1.0,-0.989372413,-0.145403674,9/23/2025 0:00
2025262N16133,20.2,117.6,322,11,4,-0.939692621,0.342020143,-1.0,-1.84e-16,0.707106781,0.707106781,-0.989372413,-0.145403674,9/23/2025 3:00
2025262N16133,20.4,117.1,286,11,4,-0.939692621,0.342020143,-1.0,-1.84e-16,1.0,6.12e-17,-0.989372413,-0.145403674,9/23/2025 6:00
2025262N16133,20.6,116.6,248,11,4,-0.939692621,0.342020143,-1.0,-1.84e-16,0.707106781,-0.707106781,-0.989372413,-0.145403674,9/23/2025 9:00
2025262N16133,20.8,116.0,213,11,4,-0.939692621,0.342020143,-1.0,-1.84e-16,1.22e-16,-1.0,-0.989372413,-0.145403674,9/23/2025 12:00
2025262N23163,23.6,161.9,2426,8,0,-0.965925826,0.258819045,-1.0,-1.84e-16,-0.707106781,0.707106781,-0.973264374,-0.229687742,9/18/2025 21:00
2025262N23163,23.7,161.4,2379,10,0,-0.965925826,0.258819045,-1.0,-1.84e-16,0.0,1.0,-0.977063856,-0.21294652,9/19/2025 0:00
2025262N23163,23.9,160.9,2326,11,0,-0.939692621,0.342020143,-1.0,-1.84e-16,0.707106781,0.707106781,-0.977063856,-0.21294652,9/19/2025 3:00
2025262N23163,24.1,160.3,2265,12,0,-0.906307787,0.422618262,-1.0,-1.84e-16,1.0,6.12e-17,-0.977063856,-0.21294652,9/19/2025 6:00
2025262N23163,24.4,159.6,2189,13,0,-0.906307787,0.422618262,-1.0,-1.84e-16,0.707106781,-0.707106781,-0.977063856,-0.21294652,9/19/2025 9:00
2025262N23163,24.7,159.0,2120,12,0,-0.906307787,0.422618262,-1.0,-1.84e-16,1.22e-16,-1.0,-0.977063856,-0.21294652,9/19/2025 12:00
2025262N23163,24.9,158.5,2067,10,0,-0.906307787,0.422618262,-1.0,-1.84e-16,-0.707106781,-0.707106781,-0.977063856,-0.21294652,9/19/2025 15:00
2025262N23163,25.1,158.0,2014,10,1,-0.939692621,0.342020143,-1.0,-1.84e-16,-1.0,-1.84e-16,-0.977063856,-0.21294652,9/19/2025 18:00
2025262N23163,25.3,157.4,1954,11,1,-0.939692621,0.342020143,-1.0,-1.84e-16,-0.707106781,0.707106781,-0.977063856,-0.21294652,9/19/2025 21:00
2025262N23163,25.5,156.9,1901,9,1,-0.906307787,0.422618262,-1.0,-1.84e-16,0.0,1.0,-0.980575394,-0.196142541,9/20/2025 0:00
2025262N23163,25.7,156.5,1856,8,1,-0.866025404,0.5,-1.0,-1.84e-16,0.707106781,0.707106781,-0.980575394,-0.196142541,9/20/2025 3:00
2025262N23163,25.9,156.1,1811,9,2,-0.939692621,0.342020143,-1.0,-1.84e-16,1.0,6.12e-17,-0.980575394,-0.196142541,9/20/2025 6:00
2025262N23163,26.0,155.6,1766,10,2,-0.965925826,0.258819045,-1.0,-1.84e-16,0.707106781,-0.707106781,-0.980575394,-0.196142541,9/20/2025 9:00
2025262N23163,26.2,155.0,1707,12,2,-0.906307787,0.422618262,-1.0,-1.84e-16,1.22e-16,-1.0,-0.980575394,-0.196142541,9/20/2025 12:00
2025262N23163,26.5,154.4,1640,12,3,-0.866025404,0.5,-1.0,-1.84e-16,-0.707106781,-0.707106781,-0.980575394,-0.196142541,9/20/2025 15:00
2025262N23163,26.8,153.8,1573,12,4,-0.906307787,0.422618262,-1.0,-1.84e-16,-1.0,-1.84e-16,-0.980575394,-0.196142541,9/20/2025 18:00
2025262N23163,27.0,153.2,1514,11,4,-0.939692621,0.342020143,-1.0,-1.84e-16,-0.707106781,0.707106781,-0.980575394,-0.196142541,9/20/2025 21:00
2025262N23163,27.2,152.7,1463,10,4,-0.906307787,0.422618262,-1.0,-1.84e-16,0.0,1.0,-0.983797952,-0.179280759,9/21/2025 0:00
2025262N23163,27.4,152.2,1412,9,4,-0.866025404,0.5,-1.0,-1.84e-16,0.707106781,0.707106781,-0.983797952,-0.179280759,9/21/2025 3:00
2025262N23163,27.7,151.8,1360,9,4,-0.64278761,0.766044443,-1.0,-1.84e-16,1.0,6.12e-17,-0.983797952,-0.179280759,9/21/2025 6:00
2025262N23163,28.1,151.6,1315,9,4,-0.422618262,0.906307787,-1.0,-1.84e-16,0.707106781,-0.707106781,-0.983797952,-0.179280759,9/21/2025 9:00
2025262N23163,28.5,151.4,1271,9,4,-0.422618262,0.906307787,-1.0,-1.84e-16,1.22e-16,-1.0,-0.983797952,-0.179280759,9/21/2025 12:00
2025262N23163,28.9,151.1,1219,9,4,-0.5,0.866025404,-1.0,-1.84e-16,-0.707106781,-0.707106781,-0.983797952,-0.179280759,9/21/2025 15:00
2025262N23163,29.3,150.9,1176,6,3,-0.342020143,0.939692621,-1.0,-1.84e-16,-1.0,-1.84e-16,-0.983797952,-0.179280759,9/21/2025 18:00
2025262N23163,29.5,150.9,1161,4,3,0.173648178,0.984807753,-1.0,-1.84e-16,-0.707106781,0.707106781,-0.983797952,-0.179280759,9/21/2025 21:00
2025262N23163,29.7,151.0,1155,6,3,0.707106781,0.707106781,-1.0,-1.84e-16,0.0,1.0,-0.986730579,-0.162366141,9/22/2025 0:00
2025262N23163,30.0,151.3,1158,9,3,0.819152044,0.573576436,-1.0,-1.84e-16,0.707106781,0.707106781,-0.986730579,-0.162366141,9/22/2025 3:00
2025262N23163,30.2,151.8,1184,8,3,0.939692621,0.342020143,-1.0,-1.84e-16,1.0,6.12e-17,-0.986730579,-0.162366141,9/22/2025 6:00
2025262N23163,30.3,152.2,1210,7,3,0.984807753,0.173648178,-1.0,-1.84e-16,0.707106781,-0.707106781,-0.986730579,-0.162366141,9/22/2025 9:00
2025262N23163,30.3,152.6,1243,4,2,0.939692621,0.342020143,-1.0,-1.84e-16,1.22e-16,-1.0,-0.986730579,-0.162366141,9/22/2025 12:00
2025262N23163,30.4,152.7,1245,3,2,0.64278761,0.766044443,-1.0,-1.84e-16,-0.707106781,-0.707106781,-0.986730579,-0.162366141,9/22/2025 15:00
2025262N23163,30.5,152.8,1247,2,1,0.906307787,0.422618262,-1.0,-1.84e-16,-1.0,-1.84e-16,-0.986730579,-0.162366141,9/22/2025 18:00
2025262N23163,30.5,153.0,1264,3,1,1.0,6.12e-17,-1.0,-1.84e-16,-0.707106781,0.707106781,-0.986730579,-0.162366141,9/22/2025 21:00
2025262N23163,30.5,153.1,1272,3,2,0.906307787,0.422618262,-1.0,-1.84e-16,0.0,1.0,-0.989372413,-0.145403674,9/23/2025 0:00
2025262N23163,30.6,153.2,1275,3,1,0.64278761,0.766044443,-1.0,-1.84e-16,0.707106781,0.707106781,-0.989372413,-0.145403674,9/23/2025 3:00
2025262N23163,30.7,153.3,1278,1,1,0.573576436,0.819152044,-1.0,-1.84e-16,1.0,6.12e-17,-0.989372413,-0.145403674,9/23/2025 6:00
2025262N23163,30.7,153.3,1278,1,1,0.0,1.0,-1.0,-1.84e-16,0.707106781,-0.707106781,-0.989372413,-0.145403674,9/23/2025 9:00
2025262N23163,30.6,153.3,1283,2,1,0.64278761,-0.766044443,-1.0,-1.84e-16,1.22e-16,-1.0,-0.989372413,-0.145403674,9/23/2025 12:00
2025262N23163,30.5,153.5,1305,4,1,0.866025404,-0.5,-1.0,-1.84e-16,-0.707106781,-0.707106781,-0.989372413,-0.145403674,9/23/2025 15:00
2025262N23163,30.4,153.7,1327,4,1,0.965925826,-0.258819045,-1.0,-1.84e-16,-1.0,-1.84e-16,-0.989372413,-0.145403674,9/23/2025 18:00
2025262N23163,30.4,153.9,1344,5,0,1.0,6.12e-17,-1.0,-1.84e-16,-0.707106781,0.707106781,-0.989372413,-0.145403674,9/23/2025 21:00
2025262N23163,30.4,154.3,1377,7,0,1.0,6.12e-17,-1.0,-1.84e-16,0.0,1.0,-0.991722674,-0.128398355,9/24/2025 0:00
2025262N23163,30.4,154.8,1419,10,0,0.996194698,0.087155743,-1.0,-1.84e-16,0.707106781,0.707106781,-0.991722674,-0.128398355,9/24/2025 3:00
2025262N23163,30.5,155.4,1465,12,0,0.939692621,0.342020143,-1.0,-1.84e-16,1.0,6.12e-17,-0.991722674,-0.128398355,9/24/2025 6:00
2025262N23163,30.8,156.1,1510,14,0,0.866025404,0.5,-1.0,-1.84e-16,0.707106781,-0.707106781,-0.991722674,-0.128398355,9/24/2025 9:00
2025262N23163,31.2,156.8,1553,13,0,0.64278761,0.766044443,-1.0,-1.84e-16,1.22e-16,-1.0,-0.991722674,-0.128398355,9/24/2025 12:00
2025262N23163,31.8,157.2,1563,12,0,0.342020143,0.939692621,-1.0,-1.84e-16,-0.707106781,-0.707106781,-0.991722674,-0.128398355,9/24/2025 15:00
2025262N23163,32.3,157.3,1553,9,1,0.173648178,0.984807753,-1.0,-1.84e-16,-1.0,-1.84e-16,-0.991722674,-0.128398355,9/24/2025 18:00
2025262N23163,32.6,157.4,1552,5,1,-0.173648178,0.984807753,-1.0,-1.84e-16,-0.707106781,0.707106781,-0.991722674,-0.128398355,9/24/2025 21:00
2025262N23163,32.8,157.2,1527,6,1,-0.819152044,0.573576436,-1.0,-1.84e-16,0.0,1.0,-0.99378067,-0.111355197,9/25/2025 0:00
2025262N23163,33.0,156.7,1476,9,1,-0.984807753,0.173648178,-1.0,-1.84e-16,0.707106781,0.707106781,-0.99378067,-0.111355197,9/25/2025 3:00
2025262N23163,33.0,156.1,1423,11,1,-0.965925826,-0.258819045,-1.0,-1.84e-16,1.0,6.12e-17,-0.99378067,-0.111355197,9/25/2025 6:00
2025262N23163,32.7,155.5,1379,12,1,-0.866025404,-0.5,-1.0,-1.84e-16,0.707106781,-0.707106781,-0.99378067,-0.111355197,9/25/2025 9:00
2025262N23163,32.4,154.9,1337,10,0,-0.819152044,-0.573576436,-1.0,-1.84e-16,1.22e-16,-1.0,-0.99378067,-0.111355197,9/25/2025 12:00
2025262N23163,32.2,154.5,1309,7,0,-0.906307787,-0.422618262,-1.0,-1.84e-16,-0.707106781,-0.707106781,-0.99378067,-0.111355197,9/25/2025 15:00
2025262N23163,32.1,154.2,1287,5,0,-0.939692621,-0.342020143,-1.0,-1.84e-16,-1.0,-1.84e-16,-0.99378067,-0.111355197,9/25/2025 18:00
2025262N23163,32.0,153.9,1265,4,0,-0.965925826,-0.258819045,-1.0,-1.84e-16,-0.707106781,0.707106781,-0.99378067,-0.111355197,9/25/2025 21:00
2025262N23163,32.0,153.7,1248,3,0,-0.984807753,0.173648178,-1.0,-1.84e-16,0.0,1.0,-0.995545794,-0.094279222,9/26/2025 0:00
2025262N23163,32.1,153.6,1235,1,0,-0.64278761,0.766044443,-1.0,-1.84e-16,0.707106781,0.707106781,-0.995545794,-0.094279222,9/26/2025 3:00
2025262N23163,32.1,153.6,1235,0,0,0.0,1.0,-1.0,-1.84e-16,1.0,6.12e-17,-0.995545794,-0.094279222,9/26/2025 6:00
2025262N23163,32.0,153.6,1239,2,0,0.422618262,-0.906307787,-1.0,-1.84e-16,0.707106781,-0.707106781,-0.995545794,-0.094279222,9/26/2025 9:00
2025262N23163,31.9,153.7,1252,4,0,0.766044443,-0.64278761,-1.0,-1.84e-16,1.22e-16,-1.0,-0.995545794,-0.094279222,9/26/2025 12:00
2025262N23163,31.7,154.0,1287,7,0,0.906307787,-0.422618262,-1.0,-1.84e-16,-0.707106781,-0.707106781,-0.995545794,-0.094279222,9/26/2025 15:00
2025262N23163,31.6,154.4,1326,8,0,0.939692621,-0.342020143,-1.0,-1.84e-16,-1.0,-1.84e-16,-0.995545794,-0.094279222,9/26/2025 18:00
2025262N23163,31.5,154.9,1374,9,0,0.996194698,-0.087155743,-1.0,-1.84e-16,-0.707106781,0.707106781,-0.995545794,-0.094279222,9/26/2025 21:00
2025262N23163,31.5,155.5,1426,12,0,0.984807753,0.173648178,-1.0,-1.84e-16,0.0,1.0,-0.997017526,-0.077175462,9/27/2025 0:00
2025262N23163,31.7,156.3,1488,14,0,0.965925826,0.258819045,-1.0,-1.84e-16,0.707106781,0.707106781,-0.997017526,-0.077175462,9/27/2025 3:00
2025262N23163,31.9,157.1,1550,15,0,0.965925826,0.258819045,-1.0,-1.84e-16,1.0,6.12e-17,-0.997017526,-0.077175462,9/27/2025 6:00
2025262N23163,32.1,157.9,1614,15,0,0.965925826,0.258819045,-1.0,-1.84e-16,0.707106781,-0.707106781,-0.997017526,-0.077175462,9/27/2025 9:00
2025262N23163,32.3,158.8,1673,16,1,0.906307787,0.422618262,-1.0,-1.84e-16,1.22e-16,-1.0,-0.997017526,-0.077175462,9/27/2025 12:00
2025262N23163,32.7,159.6,1666,17,1,0.866025404,0.5,-1.0,-1.84e-16,-0.707106781,-0.707106781,-0.997017526,-0.077175462,9/27/2025 15:00
2025262N23163,33.2,160.5,1658,18,1,0.819152044,0.573576436,-1.0,-1.84e-16,-1.0,-1.84e-16,-0.997017526,-0.077175462,9/27/2025 18:00
2025262N23163,33.7,161.4,1655,19,2,0.819152044,0.573576436,-1.0,-1.84e-16,-0.707106781,0.707106781,-0.997017526,-0.077175462,9/27/2025 21:00
2025262N23163,34.3,162.4,1652,22,2,0.819152044,0.573576436,-1.0,-1.84e-16,0.0,1.0,-0.998195433,-0.060048959,9/28/2025 0:00
2025267N10134,9.4,133.4,772,7,0,-1.0,-1.84e-16,-1.0,-1.84e-16,-0.707106781,0.707106781,-0.989372413,-0.145403674,9/23/2025 21:00
2025267N10134,9.5,133.0,732,10,0,-0.965925826,0.258819045,-1.0,-1.84e-16,0.0,1.0,-0.991722674,-0.128398355,9/24/2025 0:00
2025267N10134,9.7,132.4,676,13,0,-0.906307787,0.422618262,-1.0,-1.84e-16,0.707106781,0.707106781,-0.991722674,-0.128398355,9/24/2025 3:00
2025267N10134,10.0,131.8,618,11,0,-0.906307787,0.422618262,-1.0,-1.84e-16,1.0,6.12e-17,-0.991722674,-0.128398355,9/24/2025 6:00
2025267N10134,10.2,131.4,581,9,0,-0.906307787,0.422618262,-1.0,-1.84e-16,0.707106781,-0.707106781,-0.991722674,-0.128398355,9/24/2025 9:00
2025267N10134,10.4,131.0,543,9,0,-0.939692621,0.342020143,-1.0,-1.84e-16,1.22e-16,-1.0,-0.991722674,-0.128398355,9/24/2025 12:00
2025267N10134,10.5,130.6,503,9,0,-0.939692621,0.342020143,-1.0,-1.84e-16,-0.707106781,-0.707106781,-0.991722674,-0.128398355,9/24/2025 15:00
2025267N10134,10.7,130.1,459,10,0,-0.906307787,0.422618262,-1.0,-1.84e-16,-1.0,-1.84e-16,-0.991722674,-0.128398355,9/24/2025 18:00
2025267N10134,11.0,129.7,426,10,0,-0.866025404,0.5,-1.0,-1.84e-16,-0.707106781,0.707106781,-0.991722674,-0.128398355,9/24/2025 21:00
2025267N10134,11.2,129.2,371,10,0,-0.965925826,0.258819045,-1.0,-1.84e-16,0.0,1.0,-0.99378067,-0.111355197,9/25/2025 0:00
2025267N10134,11.2,128.7,317,11,0,-0.996194698,0.087155743,-1.0,-1.84e-16,0.707106781,0.707106781,-0.99378067,-0.111355197,9/25/2025 3:00
2025267N10134,11.3,128.1,253,13,0,-0.939692621,0.342020143,-1.0,-1.84e-16,1.0,6.12e-17,-0.99378067,-0.111355197,9/25/2025 6:00
2025267N10134,11.6,127.5,197,15,0,-0.866025404,0.5,-1.0,-1.84e-16,0.707106781,-0.707106781,-0.99378067,-0.111355197,9/25/2025 9:00
2025267N10134,12.0,126.8,143,13,0,-0.939692621,0.342020143,-1.0,-1.84e-16,1.22e-16,-1.0,-0.99378067,-0.111355197,9/25/2025 12:00
2025267N10134,12.1,126.2,76,13,0,-0.996194698,0.087155743,-1.0,-1.84e-16,-0.707106781,-0.707106781,-0.99378067,-0.111355197,9/25/2025 15:00
2025267N10134,12.1,125.5,10,17,0,-0.996194698,0.087155743,-1.0,-1.84e-16,-1.0,-1.84e-16,-0.99378067,-0.111355197,9/25/2025 18:00
2025267N10134,12.2,124.5,0,22,0,-0.996194698,0.087155743,-1.0,-1.84e-16,-0.707106781,0.707106781,-0.99378067,-0.111355197,9/25/2025 21:00
2025267N10134,12.3,123.3,0,26,0,-0.996194698,0.087155743,-1.0,-1.84e-16,0.0,1.0,-0.995545794,-0.094279222,9/26/2025 0:00
2025267N10134,12.5,121.9,34,27,0,-0.984807753,0.173648178,-1.0,-1.84e-16,0.707106781,0.707106781,-0.995545794,-0.094279222,9/26/2025 3:00
2025267N10134,12.7,120.6,21,20,0,-0.984807753,0.173648178,-1.0,-1.84e-16,1.0,6.12e-17,-0.995545794,-0.094279222,9/26/2025 6:00
2025267N10134,12.9,119.8,77,14,0,-0.965925826,0.258819045,-1.0,-1.84e-16,0.707106781,-0.707106781,-0.995545794,-0.094279222,9/26/2025 9:00
2025267N10134,13.1,119.2,123,16,0,-0.939692621,0.342020143,-1.0,-1.84e-16,1.22e-16,-1.0,-0.995545794,-0.094279222,9/26/2025 12:00
2025267N10134,13.4,118.3,216,20,1,-0.939692621,0.342020143,-1.0,-1.84e-16,-0.707106781,-0.707106781,-0.995545794,-0.094279222,9/26/2025 15:00
2025267N10134,13.8,117.3,321,23,1,-0.906307787,0.422618262,-1.0,-1.84e-16,-1.0,-1.84e-16,-0.995545794,-0.094279222,9/26/2025 18:00
2025267N10134,14.3,116.2,416,24,1,-0.906307787,0.422618262,-1.0,-1.84e-16,-0.707106781,0.707106781,-0.995545794,-0.094279222,9/26/2025 21:00
2025267N10134,14.8,115.1,511,18,1,-0.906307787,0.422618262,-1.0,-1.84e-16,0.0,1.0,-0.997017526,-0.077175462,9/27/2025 0:00
2025267N10134,15.0,114.4,563,13,1,-0.939692621,0.342020143,-1.0,-1.84e-16,0.707106781,0.707106781,-0.997017526,-0.077175462,9/27/2025 3:00
2025267N10134,15.2,113.8,505,15,1,-0.939692621,0.342020143,-1.0,-1.84e-16,1.0,6.12e-17,-0.997017526,-0.077175462,9/27/2025 6:00
2025267N10134,15.5,113.0,428,17,1,-0.939692621,0.342020143,-1.0,-1.84e-16,0.707106781,-0.707106781,-0.997017526,-0.077175462,9/27/2025 9:00
2025267N10134,15.8,112.1,344,16,1,-0.984807753,0.173648178,-1.0,-1.84e-16,1.22e-16,-1.0,-0.997017526,-0.077175462,9/27/2025 12:00
2025267N10134,15.8,111.3,265,14,1,-1.0,-1.84e-16,-1.0,-1.84e-16,-0.707106781,-0.707106781,-0.997017526,-0.077175462,9/27/2025 15:00
2025267N10134,15.8,110.6,194,13,1,-0.984807753,0.173648178,-1.0,-1.84e-16,-1.0,-1.84e-16,-0.997017526,-0.077175462,9/27/2025 18:00
